4735,0.972104221531171
1796,-0.2219306944617676
479,-0.5019187699567738
2524,-0.3571087646191202
1565,-1.1561010290284672
1893,-0.9307630681817907
3137,-0.48169402781608106
3306,0.2994110040779949
2132,-0.12391796097560981
3749,0.01602641083386569
763,0.8955142340244642
2386,-0.8202828448348694
3349,-1.2739823963025065
624,-1.1786045438325203
2545,0.594198154112493
1682,-0.6634368964948445
2813,0.2794032916341065
2652,0.27122356841489204
789,-0.9842042656079366
4811,0.296284290983273
2438,-0.11277216821157676
2363,-0.6909113748775049
833,0.238794308343933
4252,-0.13232691694992038
2551,-0.5086846955577293
4331,0.4592061124522342
4781,-0.17221015889890978
4333,-0.47491190368177527
4899,-0.3571864617924856
4833,0.3224524445721002
2288,-0.27294475177064825
2633,0.03513628937553026
1704,-0.8149342094183032
4804,0.3263697974597175
4106,0.39747064367933405
1889,0.3695886917804172
203,-0.05162119306599955
1962,0.20402918313518903
3913,-0.5081910494768582
2411,0.06788228519440054
3734,0.2546260034800225
4178,-0.4595125907300659
323,-0.24758491840602215
864,-0.3685158753022746
4920,-0.11041537306885729
2123,0.1788199531500565
4523,0.8001652086296982
1372,-0.044432080052449585
4136,0.3307067777573076
3621,1.098373344628417
39,0.2369902941852775
2319,0.027943787329600234
2858,-0.14118331704008735
227,-0.18343715116654202
1513,-0.21616313225049044
4380,-0.32045500127745896
3523,0.3019107661914511
4158,0.46114878062266484
412,0.493926974604773
191,-0.8068316958471327
1594,-1.4713626322919584
1595,0.6466543862960217
890,0.1318922993098921
3586,0.1389509327250531
2142,0.591907764399255
363,0.475406808301579
4099,-1.838280966988525
3048,-0.022198276654704863
1309,-0.48838018510879877
4594,0.18543633458500608
3704,-0.0511288704979691
1596,-0.3227141219133083
3628,0.49173378809337454
2683,-0.044173889597955096
2498,0.6035411476050401
1718,0.4999121726379814
1121,-0.2372356582162345
818,0.05485039469540176
2983,0.30395501173717143
232,0.19122356943652363
1355,0.47992218103498896
1906,-0.3447342652604952
2220,0.7019579161454983
3203,0.49647214188660893
843,0.696726354486028
2234,0.10339309232950544
2042,0.7930193986608334
2994,0.03328346479101718
2666,0.1412310486096171
3030,-0.1379658668720367
356,0.12420994942324892
93,0.05817952285507566
4265,-0.3176792635736767
2890,-0.039860166232649874
2076,-0.8580715917311617
3797,-0.12317810292297526
555,0.4643098290458729
4844,0.8910196916666209
4465,-1.5104249693238732
2229,0.9785832229082647
495,0.6380931404486168
2341,0.3232059229546431
3230,-0.4111733415598273
2803,0.8008288256313509
1047,-0.27333989325649277
3973,0.8415790056010808
2699,0.4887446822952697
1063,-0.056813020926602675
596,0.02155901451455744
3904,0.15593194386533504
3855,-0.013057562690683255
985,-0.5338632220883488
4323,-0.39917066132336654
2180,0.3716175750095978
2878,-1.2801637200348717
829,0.4169171936091134
4084,-0.2602276179364704
526,-0.10732021957280757
1861,-0.23445098420467403
1043,0.44059951732466285
2202,0.5613209135372825
1914,1.0839647322808679
757,0.5858301459268924
3849,-0.2463818862394822
4688,-0.171586861369736
1051,-0.10655437659182354
1197,0.5779057471598392
1750,-0.043503419827203516
636,0.3170258085457558
4471,0.3512942902183376
3231,-0.57206924818946
4965,0.14470339461158943
3391,-0.6399657480214866
2119,-0.47487226201955846
2302,0.028302910162558703
3494,0.2528573420612732
3426,0.3898531816828612
381,-0.528707743433122
2564,0.05471758881381561
4954,0.8287696109175053
4749,0.13602034471862634
1961,-0.8567405129742225
4426,-0.12256489677580085
3143,-0.2567468213856019
2323,-0.16263073557723384
2129,0.3925942240711038
226,0.6474519213788286
2005,-0.05396669924490638
3619,0.6174970348908397
655,0.5580725548597227
892,0.38195726202562863
955,-0.0680092900788214
2589,0.11100466657837327
4484,-0.31386302036206715
1655,0.6163850576868946
1028,0.5771396708071004
4075,-0.5514073942420277
2002,-0.7944187753686833
2087,0.10045704941214773
4647,0.43560052523462467
4176,0.1162692371076739
256,0.7873090742979496
2098,-0.2773467547503303
4421,-0.12453888335821706
2112,0.5629477235253555
1440,0.7736662431294681
1069,-0.7208715674894153
716,-0.48227320842989574
2126,0.35200143148596474
3949,-0.12952940157922122
2721,-1.192687512433408
729,0.23736239213396537
909,-0.46689828626199503
1410,0.7891416383210998
47,0.047821390192806845
4035,0.5004620555508446
111,0.3569959980800812
656,0.9170290020145444
1797,-0.08157470936810451
409,-0.6724423648523867
4012,-0.6826660552209001
2649,0.18792771575751122
1496,-1.152250544702615
2751,-0.043575318324979406
3625,0.6644598862832227
4571,0.22402304136444595
3198,0.19065657604386654
2062,0.048650661694651376
891,0.4289726226205728
1221,-0.018179749626924036
4046,0.5514126751354453
2622,-0.3531438164055034
4834,-0.7875798606032571
1485,0.09947338803421601
1624,0.8171734432880573
2467,0.26669265894694316
1313,-0.17835706558354136
3101,-0.0058134068313036025
2504,0.3664759183761994
888,-0.11882290762841041
443,0.47972348885584637
4044,1.0652639410330824
738,-0.22666047304592674
3073,0.1504010347190503
1880,-0.8565517614421418
4883,0.05336699986352578
1364,0.5236745316799691
4537,0.27019990523965554
2074,-0.3103179489165777
3379,-0.2897869651348488
506,0.2527786722708303
3798,-0.33039813594812006
4336,0.29211162699433846
3930,-0.450385052917599
2913,-0.507461739141899
1712,0.07054596649439127
4242,-0.6972033984407053
1863,0.7319943005466687
2264,0.48435615599716275
8,0.6681877524133428
1062,0.2560269082168407
2951,0.4303747540470715
14,0.15189885694190952
1870,-0.15006986571036407
1195,0.341409395387152
4696,-0.05733509259734859
4967,-0.06334276091396251
4802,-0.8125322831426187
168,0.5494683480658926
3458,0.45630027129693485
4005,-0.42197006246473645
4721,0.010125851716063394
773,0.5091974921607809
3350,0.5436057985545748
188,0.4576951960909952
3919,0.2466886109875679
3471,0.9679809755727886
4126,0.020418893546036543
1637,-0.37899314396383676
3366,-0.8238298313386121
3138,-0.2812717473738813
82,0.18706256841401192
1426,0.44924126276222687
4851,0.5522341274801414
3663,-0.6933853519163486
3882,0.04278519995781327
1925,-0.7521786273974493
422,0.6370721335519596
3237,-0.6844582115448192
463,-0.24199762762665689
2377,-0.7318311943646014
2383,0.4355539109147939
2478,0.0757589103551135
1736,0.38686912138961915
2593,-0.17270263713198108
1669,-0.4530210388644731
4587,0.42980183300801844
4653,0.3263511305217053
1222,-0.08243481382916684
2160,-0.3931042266239668
3108,-0.5094754074794468
1760,-0.7852498828099836
4156,0.5710843953958911
4737,-0.4703325924237367
3716,-0.15656141610529506
3532,1.0090755190310015
1762,0.9871739939027462
2344,-0.3629132191900011
4209,-0.23277828819574164
4949,-0.32755062031692095
2151,0.18362237059432918
4452,0.30048862875141236
4464,-0.05779410906400173
3134,-0.7087974495710316
2705,-0.1549141261436544
2759,-0.3701117691061988
1577,0.3358276784430627
4258,0.47034681033146697
1083,-0.7203591943229473
3445,0.10372251971413782
1405,-0.5267803430319455
4661,-0.12212081735186331
2423,0.21580050108476634
741,0.7705486785379199
3794,-0.5472106071382177
1677,-0.06088792264361942
3096,0.8745269610230926
3004,-0.6786789800373256
2509,0.30999761423436567
3659,-0.20647792861144332
135,-0.462365354473941
2962,-0.6813109060004487
2732,-0.6542215027275375
4379,-0.3213750765671044
3152,-0.4845762555870534
730,0.16465274174826927
3635,-0.06889263640718468
4160,0.08140703693908957
3998,-0.01588798744851605
3770,-0.1529274118988102
451,0.14928317004626024
4162,-0.30752016402226445
1670,0.10701328269340227
410,-0.39349414327089693
3596,-0.8834295961878036
3303,0.1846479216719814
4926,-1.412466771152964
561,0.7930970476039843
3271,-0.35487501457904713
4756,-0.43126035551001607
2085,0.6277340536949918
1101,-1.7734394420143529
1466,-0.4060594763446108
3889,-0.5522985787515813
1986,0.19594833512813103
703,0.16456581202852316
3755,-0.06025196522925036
2040,0.12469123923807324
2915,0.5495616467587006
805,-0.4414410945397691
4175,0.5724536542260168
4270,-0.04468255878964378
4560,0.4710523501654622
2949,0.04673393786197977
4613,0.02152339163582262
1059,-0.28518090330964885
1679,0.5756194319289412
298,0.16247988314900574
1904,-0.17188068867713113
1806,0.5092596791276529
712,0.41549429863170584
3791,-0.47528150772349154
1468,-0.39582919980037534
3633,1.1946378375957316
4895,0.38895991682953746
4570,-0.03501348144084648
1848,0.50180488039208
4255,-0.8597849884824518
420,-0.5598251405911165
1972,-0.12123634380041803
4354,-0.42742077260543265
3631,-0.1823987474842932
4251,0.4692710209235669
2533,-0.034110145527725955
4043,0.2758503249847477
2064,-0.008270881385040063
1052,-0.06656675995228323
2216,-0.25235648083733153
3400,-0.2989019736847851
499,0.8675827392526942
2944,0.44269260879289085
1494,0.15197728727191784
2406,-0.16367421277238758
3541,-0.7414374355889128
2079,0.32455748532944906
1662,-1.9313202821247124
602,0.13512841690322475
1700,0.7084533870584355
4361,0.3684859979741706
4341,-0.658918931582166
217,0.19486166390098436
2690,0.6033782358369804
1251,-0.512983239640505
4916,-0.8101695167532625
2134,0.08163965581974253
3052,0.44712203911506077
4487,0.41057416598905316
2702,0.9308167476611287
1155,0.7315425504214108
682,0.3659277512241177
2037,0.22575673731132184
3706,1.022839120956415
3961,0.5811034256287222
1270,-0.21036910532083652
1830,0.13756512692049583
1194,-0.0007787596995001422
2674,0.484337282710265
3454,0.010906821385675336
3578,-0.5527710649439399
2405,0.6362226006190754
4351,-0.2009778132062925
2329,0.32147885766844464
4312,-0.9433886357779651
2733,-0.427234023136033
2080,-0.010135228996770884
3676,-0.6852873080686974
2470,0.10198679780063102
938,-0.051775050899729
539,0.757784398340541
2517,-0.3982324033481799
2333,-0.7878555413479669
1143,-0.29599552825465025
1895,0.35454691463039634
4387,-0.7070670259220764
338,0.2822617011754325
1741,-0.10785298290011003
3017,-0.6737481833990078
32,-0.09767373040241178
2476,0.35310422420934984
3163,-0.14363375831981084
1011,-0.19737822041497832
2849,0.276672416810924
4941,0.1681338996842161
1778,-1.3642830040222123
4143,-0.5898735965323914
59,0.445115222040676
1377,0.10794637786737837
1172,0.43209283200130777
4951,-0.9427881504183793
3187,0.13121431663011585
3212,-0.07380974098072635
647,0.17343490550647545
1633,0.2984989365275341
1429,-0.8043297010877559
4477,0.3810895170434554
904,-0.6636139925630653
4275,0.689318318479696
582,0.6309962861490241
1659,0.26942830215531544
681,-0.7099063504735046
3144,-0.4042225132648749
606,-0.23686476282806446
4639,0.8096659171403138
1758,0.17848185334491973
3177,-0.1071905162975959
3185,-0.4206585981336435
3024,-0.24184255165721869
3741,-0.0312697069658876
1875,-0.8157488990419379
2332,-0.1245685488040591
1815,0.33464013745609744
1501,-0.3201372056554792
2316,-0.34371700338272326
3411,-0.05446552946633432
1864,-0.7446103837200395
1137,0.313299641127772
1420,0.8240490647915939
4318,-0.4616800350616872
1990,-0.20027012009966416
249,-0.28624050808410306
1851,0.8208151095623553
4069,-0.14573810643814333
3179,0.07174184008820017
308,0.9369475198260231
3219,0.16420847647488745
37,0.3082933694623584
3990,-0.3523275240445374
3207,-0.6211031571441623
2764,0.5216208892260941
2554,-0.48534459238447436
1603,0.30791191286728026
4606,-0.7038367449647964
4994,0.17961682315986316
3183,0.1324827327008391
1435,-0.8266042824533102
702,-0.3180338081288312
785,-0.1320967209438466
2183,-0.9239840551391696
2166,-0.9846857810507093
1196,0.09343063939214957
3564,0.18013365181468544
2095,0.8725053684914377
1589,0.5203920736999512
3098,1.0081491228009236
4429,0.33665631163332943
507,0.11032730234748289
3331,0.03156436419428488
3038,0.27440049765455576
2614,1.0705917129946432
4545,0.7988365285869357
2276,-0.5263079613868209
2287,1.0300783412174503
4775,0.2150208117484258
3715,0.7169880923782941
467,-0.4833153070373122
1552,-0.34273956796851834
2722,0.6449616003147991
543,-0.4571217450392444
1422,0.5137973071320028
3173,0.4133790545629541
709,-0.0984157166437658
1544,0.37300012084760414
2480,0.5623120289571162
1163,0.8610746087034711
251,-0.9261999320971848
744,-0.4412675499216707
1543,0.2120844437539695
4765,0.30529577191013413
19,-1.480378486601679
0,-0.8494822178364556
3337,-1.1766327923889657
965,-0.37832968591153815
2092,-0.4342184885179261
3851,-0.2608352637651361
2219,-0.9354371897336478
414,-0.5551169836524235
3830,0.3869777966622596
2061,-0.002246283883076572
884,0.6509578896422497
455,-0.6362852590850787
228,0.8020679673038797
4997,0.612779398277425
546,0.616781797323223
4598,0.6514467306583205
679,0.42482707158779487
2662,0.24253993709210686
252,-0.29020867530290584
234,-0.42424611823851865
3431,-0.2911846716790034
4338,-0.410312127951002
2364,0.3151172832173925
2387,-0.5079680514020648
3102,-0.4789218477170989
1600,-0.5648822151737587
2792,0.47309717284176234
4267,-0.8754228125930616
4887,-0.0808232034439289
1370,0.22610259085217077
3512,-0.8372057804899562
3555,0.1253602094121522
1480,-0.5543642416031851
1330,-0.43294612697836143
823,-0.3049691256568625
4602,-0.009438743139571493
48,-0.02513999155304969
3444,1.1622231708204103
667,0.7053342947356764
1983,0.27296307141351317
3978,-0.06845839001023535
1541,-0.26969867746738974
3255,-0.4608408917187452
982,0.153806926058496
3427,-1.6874960179461969
873,0.5009754101898505
2339,0.08129938512719814
4009,-0.6076887166071598
2853,0.04459015450348769
4492,-0.034101557371370994
563,-0.07080377259446191
695,-0.901513645281848
581,0.14101287562920106
2070,0.36726969095008677
3434,0.40678917907888845
2556,0.13728810290110616
1645,-0.3552203528879163
4656,0.8403646985933237
3077,0.044488485893229957
4803,-0.46093075441598863
3922,-0.15337335974348498
3466,0.15243399642766597
3642,0.6152049636320251
1474,-0.09658615437554197
3739,0.3015640187193629
3911,0.2606461190062799
2171,-0.46119061814212614
4761,0.35822677562055905
322,0.7862489859377666
1817,-0.018036744661042547
175,-0.41256723663749195
4315,0.12997638615278184
852,0.6952584098316841
1959,0.8777458384067263
1406,-0.07319345320399684
2375,-0.21063763256436285
3066,0.08308716162118301
4172,-0.06809954474376934
1661,-0.20933381172742926
1229,0.5535582496342002
121,0.43446443769319476
4837,0.24379191760870444
3895,-1.5269736599603707
2461,0.09247321044889123
4211,-0.23885447948574257
1913,-0.23836151290833563
4700,0.034777724756569484
3251,-0.03181248806674297
3264,0.04166526322750652
1591,0.3191149162036995
1922,0.23538981493011946
3762,-0.4448331530514045
3226,0.23313572814402317
1860,-0.1064219806608735
572,-0.04224791213547263
3878,0.7225336616230749
4110,0.07236298539814534
4819,-1.1525194521330304
2905,0.3206633768259062
4340,-0.5993852585681294
4907,0.7917818171981317
1080,0.39364116864570686
876,0.4219810027782325
1035,0.6226055518462141
4335,-0.3689837084877752
2296,0.5922843893432388
4497,0.21612078311464877
13,1.0383136828011805
270,0.051366196455418844
123,-0.7924452789948022
2984,-0.8033992431747503
835,-0.716034781198589
2488,0.39698692311201444
3055,0.4971654922769826
4577,-0.2688334497497209
4490,0.09535958092488528
355,0.1884751808643248
1050,1.058023328391772
4959,-0.3950020071266156
2131,-0.4218990914910581
4995,0.26520573855686624
2309,-0.11443299999117684
2514,-0.6053460210976196
1937,-0.34917741416107084
4966,-1.2920572771822023
1928,0.17657525658200424
826,0.014495928125158208
4826,0.5064802444764487
3829,-0.3192914240730591
1813,-0.00766867356998624
4908,-0.1546154381774958
2466,0.05551132433580808
4042,-0.007025126153705763
405,0.9528197547871171
104,1.036287834446183
264,0.2643611825701875
3846,0.5694961134668768
379,0.09240084950776328
278,-0.4262560332739316
706,1.1319881526135793
3227,0.4750451943354692
478,-0.3206522331176993
3538,0.14109861807912338
233,-0.32936704449702425
2734,0.42126905968785433
691,-0.5490128271158587
919,-1.2077637908583698
2725,0.058664072243499454
3287,-0.6930862693208404
950,0.2770449737602627
2585,-0.3861762835586582
752,0.3983334426413814
4805,-0.615593814682069
1593,-0.38851314648692536
3928,-0.5222242638688348
4182,-0.47247185186398166
2861,1.072968670966513
2738,-0.11505045056093532
1912,-0.6211398554714895
4431,-0.10007541617057925
2415,-0.3331140462341846
1206,0.25655735224857157
1308,-0.1563129109219883
3507,-0.20779902154355767
1560,-0.47085158646132896
3131,1.1105491808516188
2271,-0.26698235000034654
2822,-0.29617208473129164
1289,0.7984739560768368
220,-0.5882728469422256
144,0.6331693617369387
4744,0.26897745174842047
2454,0.003796357467784617
1209,0.05262242394130556
3011,-0.8424316588861203
2960,0.008644044385584415
3719,-0.11626943403453982
4365,0.21583605942290784
1382,0.2668862014844402
2511,0.13821548804402095
3679,-0.6309858756573945
1509,-0.81235799003335
2743,0.05950510557233013
2404,0.7727024629658423
2044,0.4433784924176072
2581,0.3021575283172293
4815,-0.39346276232311883
2966,0.9707344382715837
159,-1.4374929925663382
1084,0.035926253783266304
1158,0.2970209357337117
377,0.25823673785920853
2137,0.0027680231715034864
1238,0.21062470019268797
4855,-0.0969117935404924
1761,0.6817534323900549
2500,-0.5740619879478679
739,-0.43740714245677825
2817,0.6605821435655663
877,0.3022669696488709
2569,-0.4893251962817038
2072,0.15536319403637133
3839,1.0926686535228054
4723,-0.45601937763152645
1865,-0.49252592857306876
2321,0.48917388848051946
3908,-0.9379300611359165
2700,0.10652250916464379
4390,0.3759412426352702
4724,0.012846272635217204
1211,-0.5882057905163887
3196,-0.8766376824151481
2007,-1.3001386030174835
4068,-0.8181423010520383
2440,0.9029593236243931
66,0.26996388666682325
4298,0.06301938463216761
3757,0.009031484630563469
3610,0.3362818686751403
151,1.031807933188853
3406,0.23674725039760158
1344,0.19623154369700124
1921,0.4567207643399964
4711,-0.07322060439078548
3155,0.07732643189316679
4262,-1.6838896762223081
529,0.0025897591299450795
2781,1.1031271082070564
3588,0.06033239181256622
3651,0.46996443759064643
3244,-0.5115738873297877
2283,0.607294650111637
1261,-0.7119982881892826
1940,0.5628550466269617
1199,-1.2066617952091345
4901,0.19176778579305154
1608,1.0739297785107498
693,0.10498728139086122
1678,0.5426448095672463
1640,0.16255647842966336
3467,0.664253924023936
1191,0.01691574756261005
4036,0.27318779982952623
1074,-0.27444070702158996
4352,-0.6251157143353803
3726,-0.38606443279236746
3478,0.3837734240556445
2539,0.6023891580875294
1358,0.4647968295727498
4314,-0.31748827635731214
3649,-0.43720652077385047
3489,-0.49314831280975024
1415,-0.12638685224529933
3940,0.518201851254422
4542,-0.6378187198561713
4779,0.2929278821777386
1024,-0.1403732411856069
433,0.5164267393059703
4940,0.14856053417559956
4580,0.7583635093056573
1803,0.860474391252577
1434,-0.9365702202201653
2815,0.6354001715093709
3920,0.41715855832307547
2691,-0.08071175540011843
4345,-0.12731939416655536
3955,-0.13360150108398372
4526,-1.147131603578047
3476,1.0244576126552953
1858,-0.30076728846306366
2212,0.31619219628310535
2591,0.0910808053512131
2455,-0.032265806800201524
1291,0.766750361352396
385,0.24817270716401651
4116,-0.2925887012903079
811,0.2498503056596295
1025,-0.6018174345097886
81,-0.2339056738241636
4438,0.3107014186492787
1933,0.4592176649331652
790,0.10549414937100465
3796,0.7742393551625133
862,-0.21024017550077456
1057,0.7954276316149835
1259,-0.42924228544349674
671,0.17577704665888572
89,0.23656283724390725
2140,0.3748661871258534
4746,0.6283534749788036
968,0.7477825660301773
218,-1.6416925645346847
3636,0.12355413403486804
806,0.3564720113528974
2257,0.1498403993949955
3000,-0.6017198300785269
1831,-0.31287197908055653
755,0.10699037820775459
4706,0.2742845733633388
2346,0.0083810681661447
1078,-0.0734701751696738
567,-0.39114103364276076
3629,0.04254762435284398
736,0.1320334611522016
3228,0.10014029111010903
2704,-0.26263734830802843
3899,-0.5588178876463692
692,-0.019918031554644777
2555,0.47918523181890915
1873,-1.2121351894974808
1094,-0.562482992986566
3286,-1.020930879453763
1932,0.5114875543233612
942,-0.07816051354571218
3936,1.2409178830315453
4447,0.4672232883740879
4457,-0.3443539086892846
3348,0.12388773772003958
102,-0.11050263014893158
2567,0.31889576844792256
4428,0.7230942374501135
1071,0.7834374520935103
61,-0.03267340704754673
2748,-0.44623706282864184
3401,0.48136988483697785
929,-0.5504854457548651
4884,0.6681746692447934
2520,-0.2994242380142653
2032,0.37248124258141413
2157,-0.3364958601657779
4232,-0.4030687300813929
2082,0.14824912026557513
452,-0.5938029424666427
705,0.04932011311939455
2445,-1.2253448564592482
1675,-0.31526377131624006
4406,-0.9182014941261594
4167,-0.4277517256591299
276,-0.506309232806732
4065,0.3026770325434578
3844,-0.028420195329169395
2390,-0.3357270090134552
1010,-0.20429128566808696
200,-0.20542418598790047
1346,0.5456912836715642
3637,0.7163889131907215
4797,0.21655194497936225
2507,0.08419099752444659
3014,-0.3540104202068157
3260,-0.12028154500219923
23,0.778235980288053
1847,-0.41532233007574515
3061,-0.11728894959845704
4330,0.7501315237084345
3969,-0.22237022140789264
1653,0.08857727946896521
2627,0.12836890629797626
1419,0.5493111080143578
214,0.29178226559846543
4750,0.44230590779916845
4002,-0.37387306908146645
3968,-0.8069851641802188
4627,-1.092292836770481
2532,0.6541029122608348
1635,0.07676715517810706
4105,0.6491507559347713
1534,0.7269971542166012
3521,-0.3286564267114862
4532,-0.01701402112971717
1804,-0.24412971804515315
4528,-0.0837005925188059
450,-0.3837140309691094
4,0.28494477536885565
1835,-0.3380149454796335
1447,0.17076265391488477
1009,-0.2850224745461274
3558,0.26944975473763044
3559,0.12910580283003892
2515,-1.2058727250907255
2534,0.3428729934510386
3760,0.6290416115415036
1343,0.5577819313128094
4522,-0.15053722074096054
3342,0.8021312376953551
2621,-0.008908930163979534
4408,-0.5236931949528261
1249,0.2032657260589179
1511,0.8089523179576421
1185,0.22282267142958112
3164,-0.6931038407738317
1322,0.3024840641475093
1441,-0.0037354874619719425
4402,-0.7508761282412886
208,-0.13188544110707223
3552,0.09429028622257718
3201,0.719679033138398
4591,0.3746195996105506
4482,-0.13677577715899236
411,0.6169284398497661
3419,-0.5179494021256019
3909,-0.6927831649337817
3205,0.8451737454615609
2942,0.34627863564470296
3013,0.8229105965541654
4536,-0.39586113085621744
4364,1.2115601035459589
4446,0.5917467364899487
1077,-0.3183184373695518
4261,0.5360669848423818
4325,0.06509380233578632
3353,0.08070220452921717
284,0.8819448617430625
1265,1.2391147121696013
1685,-0.21734892578774812
3835,0.3582154287105723
2068,-0.0451223957300817
3012,-0.046874857138923254
4495,-1.0187064614472945
4698,-1.402183901788499
2598,1.1281887528975405
1369,-0.0577831032510181
3199,-0.2857212677882295
3435,-0.4245849806851725
172,-0.06236363059209804
1654,-0.2783496125130789
2658,0.3258957800861273
2647,-0.24785636352544138
1902,-0.01869240098229774
3840,0.5669843355929824
2670,-0.34572888947964486
3708,-0.24776294353424078
2779,-0.23837759950498416
2630,-0.09337790262285495
1170,-0.6412141472418549
1362,-0.029344277263049
3280,-0.3384085333395799
4263,-0.2429444784499335
1332,0.7124871243507265
895,-0.5083191850125006
654,-1.3147489144800826
397,-0.64697672628437
3959,0.39077958974129245
1116,0.010581564722346393
4278,0.21530384266735858
2222,0.8160509118853954
3864,0.5524996310833847
4397,0.3905759311558237
4203,0.5841435064791867
658,-0.10349638675678197
3360,0.12643181181583074
2486,-0.38911329077657264
3641,0.5100855660986694
4474,-0.3878595446305466
2931,-0.5499274013400548
3964,-0.31840109353803836
3645,-0.08323899539549195
4303,-0.15225311021690313
3826,-0.3500257398966653
4247,0.10535320246506519
1842,0.2333846895992462
4502,-0.8283835271427273
2775,0.13573777249263408
4159,-0.015660690037492486
4871,-0.11710460465218997
4094,-0.4409685720705161
2342,-0.4619572305644084
1657,-1.755407733394911
71,-0.6016067968733934
62,0.02115217231128419
4410,0.7799327305097794
4070,0.3292652906317812
1268,-0.16135005496307553
3553,0.10272115530755599
3335,-0.27287089413865306
3015,0.24357557139470298
2020,0.4058806717097756
1556,0.6160716994430331
2592,0.7980940068042077
2967,0.042406437276792275
477,0.1503778478608302
4102,0.5189355020353306
237,-0.3763261461779237
3684,-0.008346831943356392
1424,-0.22056675331691977
661,-0.7444795499234935
3493,-0.16219444656035353
254,0.5616085769453001
1390,-1.7143254102215142
2262,0.3374939913776851
3583,0.4535460283178123
2058,0.28648807880737337
3184,-0.2014291417282852
1058,0.16136201481333945
3309,-0.17170928416761644
807,0.4189906797929899
2015,-0.16413814219100686
92,0.29561292025627317
4456,-0.9202253916005034
3534,-1.636843362212721
936,-0.021324021799410176
3847,-0.0042447354086814215
4180,0.6924382286498121
21,-0.4813880119586429
4783,0.6509923337097057
638,-0.3621248169234059
2201,0.387025374072385
1696,-0.41007604034787537
287,0.3966585654874031
1540,0.5844188972454329
2502,0.3325162120284606
594,-0.47369651830403026
38,-1.254326520522012
791,-0.669203802705324
4670,0.31886463338505155
3614,0.4090479916071361
2635,0.2819356158842492
141,0.04515350911653204
9,-0.4369904629939958
4161,0.3241521483932388
3528,0.9357266708061296
402,-0.011904321107730098
3518,0.7831911930382738
3211,-0.2629427687719401
1119,-1.0253204426967963
4978,-1.2658849951577853
4782,0.4728049348301253
2207,-0.0869813609040948
2907,-0.4791749914740828
2247,0.3183211810458948
4405,0.09895202385051949
4790,0.35079012089222683
2961,-0.29453562096475316
3194,-0.13684087320939753
4091,-0.29068821490558516
1148,-0.478527515063929
958,0.34038567398604425
4794,-0.7353383661654167
3305,0.0702700915841108
4581,0.3686946337849042
3403,0.13014562326988433
3468,0.5028404536539828
4550,-0.08694618299676193
2578,-0.12619405336535472
1772,-0.06565685476503536
1130,-0.9270202522863373
69,-0.9724526799743565
267,-0.6941603939665919
1814,-0.16106354093511044
1706,0.09963451424789671
3514,-0.3151178104911869
882,1.1146467116356256
1488,-0.3518501851740181
4897,0.5767052296462456
4414,-1.0561667655526294
872,0.010781535817882215
4382,-0.4523655529080237
1703,0.695204568126834
2330,0.0015877406152799978
3343,-1.127493536061369
2837,0.3521488890258553
1385,0.11717096529815407
4147,0.3180762256690013
1500,-0.28136562784347685
1598,-0.14240271635515533
4953,-0.1609434915070116
275,-0.17332331667003675
2186,0.6221959895332594
4381,0.870891678161005
4427,0.4175295919571731
2029,-0.07002026690301388
1976,-0.48723671799506896
4695,0.09515816257726151
4120,0.21479784791752987
3777,-0.6277722758104565
4181,0.36165703200344534
1001,-0.208165507997931
1036,-0.6608239068762076
4785,-0.05756389335447665
3773,-1.0518126522706481
272,0.7929525251819216
2888,-0.19634430716616524
4103,-1.0833944046808686
937,0.027334284339797676
3575,0.10436422899895614
2753,-0.7401104271743515
1490,1.0042081519855124
3580,0.1060258248896142
750,0.37535283718971435
1818,0.8002981397776674
303,0.5628982627491927
4127,-1.0934177152193083
3355,-0.021113955447237487
2228,-0.42348759615857645
2215,0.11979362197626298
1342,0.7696557610322321
3783,-0.10541367979290772
2806,0.3334599931441611
1133,0.7625960454974265
2540,0.45673511528038
1512,-0.9008055659329921
519,0.2912368896888111
1180,0.6723492744437358
3285,0.2211794469926014
3754,0.4957707285526256
1338,0.438388595426666
536,-0.6748961804346161
2975,0.5393143958413527
3368,0.27831290009566967
599,-0.43405234984546226
2418,0.38120428696923714
72,0.2696464017965825
2537,-0.069587863236662
2173,-0.21328499819257907
799,0.05992334909859309
1039,-0.23837318863243961
3247,0.3225325453452381
4593,0.3634574244636841
2485,-0.34835502297248677
4193,-0.12089331041750029
1588,-0.7075383061708687
4578,0.35669825547495115
2982,-0.35523710750511395
4909,0.4184691732363799
639,-0.02584083790397962
1124,-0.7191035300999076
2320,-0.022033892636263097
2804,-0.6060157543631979
4271,-0.3692553032941115
3602,0.5036578508426404
710,0.32104223783547514
2065,0.40813233734758025
2900,0.04179909741739429
4171,0.40531404736535137
2632,-0.19540044712573845
1233,0.06924470568033225
2640,0.04013495065753325
3487,-1.0470449959720467
2472,-0.4562112812443804
927,-0.41961120902733473
1841,0.2782490968799607
3591,-0.15850584485047747
1644,0.17642474526551588
1120,-0.16714494793243606
2380,0.6126981667270135
993,-0.22883779681664773
2028,0.6227412243614232
2241,-0.9150274412610386
1073,0.4870733709428423
686,0.7576030954859956
1929,0.27467150331782264
3273,0.32738910663988197
3071,0.19015915667278716
3037,0.4923114996087845
4890,-1.6153756160263315
3016,0.5353094766802045
2182,0.14873935865177312
1054,0.0497021175011918
1642,0.21816362900587638
4309,-0.3275884236580593
352,-0.2797084133273726
3569,-0.12151480931405079
2531,0.4326365471593725
1351,0.2916297324186603
2756,-0.12463160800974027
2315,0.04746435493239787
1038,0.31726663064596217
431,-0.502524187912389
1625,0.13104101001659352
3387,-0.35674675450406035
978,0.024822892158581134
2546,0.762712345757202
2178,0.8496789218846557
1676,-0.23247727049938582
2250,-0.021273973617558006
367,-0.3416255319397017
1305,0.7330293340764396
3186,-0.47469008646152133
597,0.049064279051415305
2818,-0.7536544242305157
423,-0.05791120842004105
4023,-0.035565414759762604
4299,-0.1154345824012637
1165,0.5736321926905026
4619,0.6027463320415514
3394,0.0330422779589119
207,-0.0534162419689288
1783,0.25739497048980464
3980,-0.4736000086577752
2824,0.8045581667309074
2912,0.2513469672306581
3505,0.5108170035316544
914,-0.49320396954707224
2976,-0.15682857491438185
2898,0.03959122749908417
3221,1.124655136732767
2115,0.4320562695108805
1779,-0.547816385277442
1186,-0.2928341465058182
1301,0.005263975868340154
764,0.3871040974553086
3732,-0.1195293424942907
4985,0.38409375262035717
3469,-0.2301096223895156
4930,-0.11499440472741362
3664,-0.12386044583275879
6,0.6954980513999462
1263,-0.7522711148234569
3971,-0.4920423629007127
4622,0.527705045981083
4676,0.45001549055192314
3768,0.24691825024874436
3279,0.5272140635077376
4179,-0.7436756546446412
3526,0.02014457189971086
3781,-0.27781215004033655
4238,1.1342681304287607
4843,0.31207915738491465
3139,-1.749952645930156
375,0.7721809815430385
1190,0.653183193713808
1139,-0.2056793341437606
2650,0.9180492268763691
1652,-0.6040222453959485
501,-0.540305616722538
4505,0.28348040653286155
1618,-0.22232549894938103
2771,0.5837055089698495
648,0.044974195230545355
1522,-1.0807608689313684
119,0.058046831830982804
2051,0.02458877619301525
2897,0.04760812443272755
3001,-1.2056877912466826
2852,0.28351801525297127
844,1.1197162164519678
3867,-0.04947325885057641
1134,-0.16646098835075218
4538,-0.9831293752406882
4334,-1.5453937571059653
3072,0.014824235362070226
206,0.5891450067224033
3088,-0.3737936441068026
793,-0.006318073525502399
4508,-0.2418078588950383
2148,0.4132398975836562
4764,0.19505999889523196
2955,0.39780743435601096
68,0.47591829032098243
4504,-0.3097260986703052
3447,0.5236557564657147
3031,-0.027589444482895686
1294,-0.35218357442358883
4693,0.4171629490563644
311,-0.8629280360515486
2367,-0.10567330351018622
956,0.6063272241781545
4453,-0.07717290472541727
3461,0.3444257068566339
1590,0.272432043474355
184,-0.18649993556117295
1984,0.29002713671492586
901,0.5229552516121014
1093,0.185542481348425
2999,-1.3336500685880335
4496,-0.7001764639887487
2901,0.04327823172979972
4359,-0.16160798211224847
424,-0.3824351251216349
57,0.8012120147947126
767,0.29152617584469276
846,0.44012941465646005
4734,-0.3091802815855571
1254,0.4083379811227532
3696,0.3150977165993991
344,-0.4642794304426783
514,-0.7135315982602028
2972,0.11838652861748677
333,0.3389396848256814
2919,0.48610326358778533
1327,0.5751426062978693
2610,-0.17259835513472233
1243,-0.1323402238360014
2016,-0.9938809604456651
3288,0.4752792225872833
4141,0.8373608414991969
1482,-0.5996591021458126
3274,-0.24517487203010102
1950,0.0029899919149709575
1042,-0.6451858800224057
3912,1.041108124524924
1262,-0.5526667166054988
458,0.6542563147773244
1428,-0.5467034203426646
2527,-1.135536745142704
4304,-1.0129250541906147
3269,0.29627555069182065
238,0.6490186994644818
1085,-0.6625298745391373
2848,0.43183655721396885
3351,0.14118669767032532
3420,-0.3678289867344171
216,0.2565328771671114
2369,-0.2952384649168902
1103,-0.7442394710323725
817,0.25663737603714676
2071,0.2821781976928408
527,-0.6017764370298
1214,0.6813716181909388
4174,-0.2649818969943585
1713,0.7589549494343961
746,-0.054836512065136844
1622,0.7519740601225307
2457,-0.42849162177953737
952,-0.082212861885119
334,0.2121119093727799
4234,0.14154399961038067
4859,-0.9430244343009608
590,-0.44448639743970375
2910,-0.313043794273999
435,-0.7175210541090564
4816,0.5524470656396767
2343,-0.3632359183624878
2446,0.1873998807867725
678,0.19164475837155592
45,0.059679836339465275
3423,-0.2930792083150582
2783,-0.07721369473917061
4852,0.18392453599188574
2169,0.6911193936042714
2209,0.016185007919775174
109,0.8893376116186689
315,0.8258750130241639
4337,0.8539020821658667
3113,0.2805543668960606
1892,0.2530522935220585
4022,1.1421903026664229
4254,-0.008916099053277726
566,0.04791375042612511
930,-0.3382514411017885
2761,0.7103686464120447
4964,-1.581531439321771
4058,-0.6336201122267546
1220,0.6624278809152493
4163,0.460448593760602
4437,0.3067354755061391
2766,0.3546200317091577
4208,0.2143465959329518
2820,0.27667574037496934
3430,-0.3631675721822578
2439,0.30888563132554125
1097,-0.24467592066002108
4743,0.3335737524896194
684,-0.22106968445777486
4393,0.521940454264259
1409,0.11856437927909713
418,-0.3887584234442025
762,0.3659609502145562
1068,1.1270933291147687
3795,0.45433098985944564
503,0.8305609850474722
95,-0.012710616287974652
4718,0.9751803255129756
488,0.34039576761102364
2358,0.2621629167081503
1999,-0.24970478949297448
2896,0.37392357112966135
3429,0.9046808999716021
2548,-0.285993538167828
1359,-0.10759537327075908
748,-0.47951019631170677
915,-0.37961133019339943
4769,-0.5613679805407994
2723,-0.10806150051462282
4281,0.5865572210977907
3869,0.25999999284233954
747,1.1625708363901257
4955,-1.3651794399878092
1714,-0.08089725373796774
535,-0.2056043617183727
3612,0.025373860857116348
4322,0.04100429301895403
187,-0.3583268169105489
1867,0.6150510668901124
3437,1.0610440244290542
2274,0.30959181253869783
1210,-1.19510934124175
3873,-0.7595664351354872
3748,-0.13721738018522966
1092,-0.013151944219804257
3438,-0.3025617512392893
611,-0.13710755682111841
3307,-0.49138302941268996
4292,-0.84109176680077
4968,0.042350656615012916
2318,0.0846322953979799
4567,-0.08684793300436411
425,-0.15149923958452582
3169,0.6386970796616156
3967,0.11073031773282249
2828,-0.44455868975974777
117,-0.297399389206066
2825,0.3776797797214204
3695,-1.6254640267771867
2303,-0.1205958093670434
4886,0.032000993400417066
3537,-0.4648083386994051
2750,0.22330240876558882
670,0.9511143583649586
4295,-0.10303175132487574
2314,-0.13592115188884346
80,0.24318453317062083
676,-0.2230662741360092
65,0.06223530115621667
460,0.004452285682213564
1844,-0.266667893103147
3268,-0.22219741524514536
1816,0.3268091329364884
4207,0.35214526748070263
3266,0.6495705675902963
3057,-0.1718669721476802
3897,0.2505102504620771
1393,0.0868760762562717
3412,0.2954569742266324
2873,-0.3349942655381435
2233,0.10916584036586752
1378,-0.426885775765232
1849,0.003996751829878242
96,0.9863463736212514
4962,0.3160753105277374
2940,-0.10557802928869542
718,0.7390740637826498
683,-0.3043159544838181
1829,0.5807963422509825
3383,-0.11991839788033865
1764,-0.786982206560368
1735,-0.02294420431531119
3881,-0.16855021559892958
4791,0.37274647158048424
2708,-0.5809527597820585
981,-0.6363111546256182
2648,0.1400000592083881
4139,0.37573682285987875
4015,0.8304285066314305
3056,0.005979089757447653
2737,0.5836684008602759
1013,-0.44927111941281606
348,-0.01121503678952429
665,0.026652750145709447
3751,0.965324925685751
2435,0.4569628006097579
2726,0.29038567708901564
4722,-0.5223605033130418
3515,0.9152267482026337
497,0.04091087599450827
183,0.055009587051473297
415,0.6519371313553162
137,0.27251565293199587
328,-0.661095639931867
4961,0.897410916803592
1379,-0.10219282280690489
1833,-0.5142886708833281
1960,0.06571649390101353
3843,-0.4580473292864067
470,0.05466515139890582
492,-0.3014713798357702
4626,0.07949806485418254
1576,0.6940817739903551
3549,-1.5668067951335845
3215,-0.24665196463201688
321,-0.7832987741839572
4938,0.05822075489953349
3378,-0.34512985842560084
944,-0.9263940536485276
2673,-0.20754420153789077
1516,0.6425581987203293
3059,0.34602497589065173
3662,-0.3969506372435534
837,-0.12728839804373226
2728,-0.9405655791442262
2161,0.06740438256950032
3043,-0.03662891938867929
4999,-0.020688011966529807
3859,0.4676320376473111
2906,-0.37462884971498855
4067,0.2856062231862584
4027,0.21652016679695407
1525,-0.9486242263580449
2908,0.28402691831014604
2922,-0.005548736732567505
2838,0.20867289882439
4980,0.024626467289257548
3525,0.8715680654846318
4759,-0.6645942720224296
3459,0.17181442183976436
4555,0.008902368878340283
4814,0.48337025817740464
815,-0.5537698433780767
3095,0.5747312279347723
3020,-0.600275212469831
2881,0.0917837722724224
2326,0.35201741436958667
1911,-0.4919993075904525
778,0.48618945644573053
4489,0.4505611841053767
4853,0.1363055575955343
2613,-0.29703031695719595
1288,0.06301392393462368
1112,-0.2505499638187292
3313,0.9889235535652672
3166,0.9509268047440624
4113,0.9640446606370077
4493,0.2064360420621787
1298,0.8981810783094142
342,0.4061908737058504
3868,-0.5902773138204296
1993,0.5227576159605984
4675,-0.3018311804973708
4276,-0.2847613696322773
2371,0.1727484623153801
627,1.1259205952888882
247,0.36334362546474086
771,0.5562030451313689
236,0.512542831956206
2736,0.21251601766910255
24,0.36171676814146725
3763,-0.1793717394288903
2301,0.7990868970541305
2270,-0.6663243605371436
324,1.2529501414211666
3694,0.10942990924319052
4319,-0.24168335552585596
3191,-0.1941556732154126
2772,-0.08556487431876292
372,0.5214490170209052
4346,1.2125949038555106
4625,-0.33629013570542643
923,-0.8286925322937693
2991,-0.9116289244953713
3604,-0.48487166980081664
1694,-0.18576235224956328
4738,0.6291565072099417
2651,0.5081302671659182
2536,0.9013874664886634
4666,-0.42333484723790527
3703,0.2698740628999605
4000,1.1071101811650603
4633,0.32117821029840776
2780,-0.08979419786845888
3188,-0.10965013510249122
2313,-1.1911566894663874
1801,0.6238064368645855
3092,0.22301271485292773
1310,-0.5234667601466576
2776,-1.0447420712377866
552,0.8491307006697761
1467,-0.07997331664863605
4918,-0.09240691060550699
1367,0.4710967468611491
2277,-0.5449473165021965
1680,-0.08808014735301217
1314,-0.06901017785368957
2163,0.12661971159124707
3117,-0.7704172206635498
2859,-0.24574963038220243
4478,0.0235820088795915
4574,-0.43933595705511586
2293,0.33537928170551545
4692,0.3003353433102802
3034,-0.08047255453804691
3655,0.20875635052506425
1609,0.2464700400865807
4080,0.33137283749856916
261,-0.2759618625929008
134,-0.3268139352969426
2958,-0.08630582162145117
1381,0.007598389165319297
708,0.388925743629696
3409,0.5128820120460649
3780,-0.04023055209140569
2644,-0.6780190693373926
2279,0.0809201062304803
2845,0.1942623302202504
3346,0.2768366225171013
4183,0.4912937099669099
713,-0.29206253675297944
4425,0.3467256167977171
3848,-0.22423209007315048
386,0.35041834271302363
2035,0.3039113123592969
3064,0.3474198484472062
1586,0.962004326437305
3615,-0.20511757733912894
4155,0.5212069063697333
616,-0.29147550562898505
1451,0.29802163810185434
2800,0.42469418864939534
1743,0.37355561880470134
3204,-0.44957168089149757
2827,0.33736525158214903
727,-0.3007528516373057
36,0.02483588350382515
4597,0.13480299179725908
3690,0.3750671082930328
1497,1.0718375712643926
4279,0.45971779148295244
4934,-0.4223816405221976
2605,0.31800469508663287
4715,-0.1558154753284926
2117,-0.603719245115041
258,1.2117640914715118
3519,0.6105642984607949
3717,-0.45019451724149295
1660,0.038492741646149575
3672,0.062492074178754464
3170,-0.47100759250873026
2285,0.2887905686782357
4654,0.46624797083632696
4146,1.0462060456519318
751,-0.6291743130653895
1752,0.1993124644657236
4987,0.14158126090971201
4196,0.6872949679297076
987,-0.5957239521880471
2172,0.4274006251369391
2561,0.5641325488671907
88,0.4867288445669198
1646,0.20028440838004258
3516,-0.4435823160487349
4435,-0.30109488682303187
309,-0.49449295953766637
3587,-0.09196884246183679
2628,0.23013344671085711
1810,0.5044860033167131
2758,0.053720275905691395
1836,-1.426673967394673
2887,-0.3840224588490333
1507,-0.809893958970715
4436,0.2843716029698795
973,0.014776009359534825
3146,-0.7820486448974853
1711,-0.19374732353205815
2744,0.2685018295796189
4235,-0.06119745001555632
1147,0.1888566152843918
2033,0.05355611165441321
1957,0.3197069702805324
1747,-0.7689802663807708
1146,-0.6296855869605631
3753,-0.5695800508578701
3997,0.6195092217786637
4117,0.1327775427672515
3842,-0.016923247414485587
4049,0.6478102350949015
4874,-0.3504587029947004
1088,-0.7434232374725269
3547,-0.4728794679013921
3060,-0.13888076048908005
1538,0.8817050879166626
1425,-1.0033415207666998
2843,-0.12995599628213217
4531,0.9010941542999849
378,-1.3594394755966075
1335,-0.41467766908003334
2138,0.00042692782643083405
512,-0.03903077851112258
3465,-0.24764460699893576
4028,-0.484681610774909
1472,-0.06189895575109183
1615,0.15203961217154038
2749,0.5080318132874639
3341,0.5689012986724844
2310,0.6419747019304483
1973,0.3876314674637049
2676,0.4425945024156954
1140,0.510498326815525
1520,-0.9764296599668736
222,-0.08451197465434035
1418,-0.7838212636135573
3718,-0.6990530313317942
177,-0.1025649778196085
1090,-0.2075401682909046
1958,-0.45700374714003456
2543,0.5750616353110525
4973,-0.44216459240614636
1566,0.20001180853638179
169,0.24249339113200374
4202,0.4323629750550735
2460,0.14241624512559703
2156,-0.2698881572367027
53,-0.3103938930942052
520,-0.3126270545579004
383,0.642850148081699
4689,0.262466644800079
3823,0.1271371190809134
17,0.6488582458571832
828,0.16854786688966072
1708,-0.4927690385210006
4830,0.8687592354093185
3957,-0.5041874333524152
1235,-0.17908799823586818
4678,-0.29124205602069253
2053,-0.501505052859506
446,-0.5477385340050365
3623,0.04724352543832655
2714,-0.0021020955071726632
3687,-0.3137666668251802
2006,0.573592354897623
4052,0.6210026848354628
3894,-0.6833270751547378
2090,-0.4383123515456484
3880,0.6044953385681504
2959,-0.07949253697661174
1602,-0.20315934357114074
1949,-0.16590810770138908
1616,-0.11557229645142542
1630,-0.19181747728105325
4407,-0.1669467400886795
933,0.32121996727016633
106,-0.6376798872497718
163,0.022612061815758366
559,0.792296595484669
2617,0.3391721181516898
486,0.03400301462866917
4983,0.3521304558747467
4164,0.7481830006775949
4839,-0.11926200963194056
879,0.3331950657163487
4917,0.23739856273133064
4616,-0.7044429689595741
3354,0.3547581205943544
1115,-0.3392634253858997
3876,-0.4361842970685039
466,-0.27953150565537044
2263,1.056640789279089
2412,0.4229258508674123
1846,-1.5564336928000957
2497,-0.5630989698855391
4148,0.4763246600088502
3114,-0.39367931399080636
3180,0.3783443117286813
3737,0.16877383728223094
1905,0.06400331621919886
800,-0.3527408739014861
2204,-0.35440651452786565
796,-0.919486826072732
1205,0.8648286426823111
1614,-0.901524064328652
2030,-1.223991524044111
3168,0.6404338673237522
758,-0.5960233747634591
3934,0.528846394033498
1072,-0.06876629703557757
373,-1.4070572585671322
2707,-1.292329214808949
3338,-0.11930831562400268
3539,-0.7699726260148365
3006,-0.10260823673578301
4740,0.46259928445939735
4817,0.2891545443123391
4313,-0.8971037213896231
3554,-0.37725298316772893
1887,0.6996833025609215
4123,0.4475485540945874
2336,0.258311527594155
2716,0.16715171074883806
964,-1.4587404362583491
3887,-0.007766991878487062
3041,-0.4298927007422373
1953,0.3163241807881505
128,0.3805639359617805
3479,-0.1820723933131223
4394,-0.12947864942457787
1944,1.3161056247934253
3563,0.5917127366406225
4806,0.1189336751891128
4557,0.24037400589668234
4498,-0.23809153238885727
4277,0.3387063524019913
3721,-0.9979054929923841
2246,0.5318645182203072
4316,-0.3546293852972049
900,0.1564329013288548
878,0.033253982672700744
4992,0.663951137966392
1765,-0.14674601984110858
2586,0.16458116394569444
4184,0.3396739773050772
4145,-0.4018784387365413
1453,-0.06963217819170264
2421,0.18244852347937002
4055,-0.27713328226939193
3903,1.0075281330983543
2214,0.19651032699121718
3277,-1.753604562532967
1748,0.47171881049890363
1462,-0.8828657439158842
3333,0.5740132781613108
4353,-0.04519131158263079
1399,0.09833809342556243
1363,-0.31352435440895565
1454,-0.1828876828802981
2419,-0.004706238247438321
881,0.2631140768799467
3841,0.6590355124258975
2199,-0.27796660596902534
2904,0.2627544762867515
4486,-0.03370216627582323
598,0.13141845334749647
4200,0.5586821277942136
129,-0.9003277839205
2120,-0.1790681038705202
399,0.2229190888437591
1412,-0.30185486380488946
685,0.12237147028788975
1091,-0.7004310338452715
867,-1.4840855386958989
3042,0.5864335404838057
4634,0.38983170669398337
1992,0.3359836019451512
3104,0.19354180858305003
1127,0.41979635628767475
2680,0.4055580522656035
297,-0.3682766421434316
4153,0.0618725867638279
271,-0.5454080468186513
2572,0.6206701089013
2929,-0.3333072960973116
2777,0.4934709805056565
3640,0.5177923823735915
3883,0.9136083420461132
513,0.04904278116237659
2709,0.0766397738358684
2402,-0.7062810236120987
838,0.7000576664998812
749,0.12278166508894017
3879,0.23378571370855905
1968,-0.2917855146113002
3501,0.23512899344154548
3661,-1.5722163077194171
860,-0.40205689531633215
1437,0.5137703560327047
3090,-0.2157197897449885
4915,-0.573228167937077
1031,-0.5141555673467133
4481,0.21284308455076761
1857,-0.06158038307623759
3513,0.5625918889819177
999,-0.9516149128939739
2712,-0.0464702545237623
1821,-0.49159226114714194
1838,-1.6056291472958009
1991,-0.11690614022591728
651,-0.555565960210517
18,0.6920977022727017
4527,1.1602548852135826
4107,0.002858595081914217
1368,-0.9307721279269323
3822,-0.17936207520512415
2950,0.2466233028705389
4896,0.10700040349866313
3999,-0.5171347136391216
1567,0.08893977774553186
1988,0.41760570489166504
3792,-0.22623307540178494
2099,-0.5083840463971239
3396,0.49631990848762
1935,0.30595660066131547
669,-0.040669777054865186
3570,0.07059409657630322
2348,-0.8740661134231722
1445,0.3419707625641557
3158,0.23456454087598555
903,-0.431671985778288
1341,0.050171735216175684
515,0.9396491498081243
2205,-0.8611068146662548
335,0.2617390764792784
3660,-1.4628476176735896
346,0.37820214231669436
3670,0.024861887516219205
2459,-0.10179821417183099
4229,-0.359806454924108
584,-0.9597010136691138
1464,0.9706661413321722
2971,-0.2962136471789414
4585,-0.055319330744151074
1951,0.5718825055539654
3986,-0.27753165541211366
3267,0.3456352558047353
3284,-0.03484222327527586
139,0.14267552555830232
2889,-0.22539102935906996
621,-0.16948876031381754
1149,0.5875938253073283
4480,-0.27558721834813316
3976,-0.1595302409875483
659,0.256892561140007
2689,0.40185396153381525
3161,0.14956758009959614
4343,-1.4259087410582785
4541,0.060740165788433664
1702,-0.7005455608051436
3236,0.22109493995348117
3801,0.07538281055759377
4984,0.01966108568142566
4469,0.8382675453595247
3745,0.4780802915621081
3265,-0.13135928673062836
3097,0.056057578259816054
1493,-0.47629425225172284
2260,0.9539328383707453
3584,-0.1249378302042361
4273,-0.8591393036364092
1549,0.14697160314706625
3116,1.3504381062952477
2289,0.10501906598255228
980,-0.5677684878235159
4039,-0.10609353482719897
4092,-0.4722244956569277
1827,-0.3278177974624308
2281,-0.3709982391920761
766,-0.10815378287777389
1476,-0.5186267883192235
3239,0.41425397645029616
1732,-0.45503165723770067
4373,-0.2768132496552589
4282,-0.7896856662778058
3182,-0.732139325221044
329,-0.014269578190079457
1065,-0.3601140471211277
4095,-0.5668833058439677
1884,-0.12961944823284632
2273,0.664467082486671
3535,-0.1919144189677322
1304,0.1371785014189495
4324,0.5596426342229428
996,0.28664185356729455
3470,-0.1899888472173057
941,0.07721406837346834
2639,0.6582606356906897
1000,-0.3026587385026849
1885,0.2959719395887763
4507,-1.3071638913417907
4019,0.6947158884425422
3424,0.6979627359164544
3148,0.21755060131670767
3736,1.2641287820042848
1029,-0.5433734970777566
831,-0.09011452452078661
3562,0.13036369014401128
1004,0.001679429361287177
41,0.5109593995937924
4969,-0.1401645759119754
1938,0.9641959185397457
34,-0.12784568222922044
2953,0.5091421445248647
1449,0.3383991937428785
1109,-0.6565651655516316
875,-0.5222818971791865
1279,-0.40409618471225084
126,-0.35979867414014155
2580,0.5693887887935336
1276,-0.7591100509586566
2078,0.23129268199990527
353,-0.3875319593806399
1331,0.21958580077767653
907,-0.2987272148511888
382,0.1333356889223971
595,0.10915009133365228
3993,0.7924223216823494
4244,0.6256817087520901
588,-0.6861611374965317
4093,-0.45039651892495325
2866,0.0531026762308251
2373,-0.01544182537441241
4362,0.6505807240741364
4568,-0.05717584728010472
662,-0.05505702012150859
4221,0.49350527937030186
612,-0.06632138844082647
3620,-0.5222217609248974
3914,-0.006103825450235689
1717,-0.7006361951215281
317,0.7592547293405367
3373,-0.3693938297896162
4690,-0.8636310087545747
110,-0.29546824000029304
225,-0.3273369788263292
1269,-0.5535100343337689
1325,0.527674376910273
1987,-1.6679691231026057
3325,-0.47517414500652144
1397,0.41665066968846975
637,-1.4831094104394111
2039,-0.3619894733797615
3821,-0.11591215643096842
494,0.24861716309724624
3720,0.053397836910274776
75,0.744839824587971
4420,0.8859035107689692
2350,0.5318380644962719
3600,0.2510131129183
1766,-0.7538459386833702
1247,-0.8163309414261786
3075,-1.3159698436953011
920,0.41083052001877807
3579,0.32099501660246066
4191,-0.020934722942588913
4554,-0.5716410267690648
743,-0.010213838038003686
94,-0.22665333007293587
731,0.6088947771327637
4975,1.2679478904913886
2847,-1.2232021100449586
113,0.5122487046374529
2612,-0.15711650555127044
4385,-0.040561156539286713
3603,-0.5906688203246651
2034,-0.1641386071968105
1728,0.0781264130366095
1578,-0.36916848701463145
70,-0.4865423669276421
3363,-0.07929693496502743
3486,-0.6823492675161003
4787,-0.5084374263637219
628,-0.9873663737241722
2583,0.16855152552090757
4631,0.469768855014955
2667,-1.1236608103144663
1628,0.6273921987824487
4548,0.1442796451200472
1744,-0.6091971024910796
3283,-0.08380779237368063
105,0.5871588011477851
3500,0.48510865781655177
4525,-0.3579965470386144
3536,0.012712567016603948
2105,1.1287263373819885
2106,0.14685233179713286
632,-0.18774601413683545
1569,-0.15505712611801048
4776,0.44166684203480155
976,-0.6026445799372908
230,-0.22927115816029975
1800,0.4962522930123301
1934,-0.1434004278954042
2147,-0.20576485150714952
3592,0.9217448785551756
4599,0.3907322937965061
2773,-0.6045393376345256
1871,-0.14164932770265182
3404,-0.8272051778614395
1353,0.10795097884717375
3213,0.3276854443035013
438,0.4922414612147241
4400,0.2916201907564293
1974,-0.22185544398619683
3772,0.013449179944387879
2752,-0.4600217119229466
2433,-0.0707511825945053
2492,-0.5984934552662251
2717,0.7222976934243235
776,-0.337970262307139
4195,0.6252112015474118
2223,0.0805833280980881
3192,-0.00013895752329950994
2227,0.4653088969682706
4697,0.5036409256498375
2403,-0.14695097825302295
3082,-0.2930950298816164
4098,0.35923507480846606
2671,0.2822954447369277
1173,-0.38455831860323286
4239,-0.29714967516978685
1579,-0.39789920044799043
1503,0.1425386904894399
2831,-0.8791532670303441
4831,0.8307469793010585
2603,-0.6782584404125869
4601,0.48518355150136117
2868,0.4187758426126065
1701,-0.21386004438827744
2113,0.8150719807184341
3070,0.35323148803418025
3381,0.15058154818263425
3874,-0.03646465929498621
2538,0.16553587950345694
2083,-0.0503942256901837
4259,-0.27618850149684615
1668,-1.103629977273214
802,0.11163124987119044
3384,0.24006952026617245
2522,0.6066341938380013
1561,0.4167534059225968
4658,0.38296197640428176
1189,-0.21090113457163007
2790,-1.0329041736220441
1681,-0.046439276847952904
2685,0.47823004494997345
2981,0.015610558267024288
4386,0.28141387141415386
3142,-0.5842533316587168
4274,-0.18400675390812715
1375,0.6360542734087664
1082,0.4134521496528363
1672,0.6439780988532888
932,-0.02638330841387848
1832,-0.9271039161439596
3594,0.2291906771197434
3482,-0.9674377124287368
1019,-0.9295834431787373
2312,-1.0908720916387376
4739,-0.20016155267700064
244,-0.1363890455424821
4821,0.004177143490740498
4269,-0.34618319273023257
2909,0.5323594836363341
4846,0.32304339487096545
2841,-0.9853289302406001
3807,0.05936240960871331
2104,-0.11381950016550846
4236,0.5349257857708372
74,0.6225993202864748
299,-0.3296664679718795
3765,-0.09061564041174286
2793,-0.09908976143551218
4543,0.5111659707027743
4620,0.026356433140891866
1979,-0.3518736034649823
614,-0.04620622750725634
3374,-0.332133503391451
2675,-0.662551482620283
331,-0.30190507804547817
3852,-0.3444058120884925
3778,1.0696720456855697
1584,-0.2603529022499318
3140,-0.5335590564734796
1684,-0.3851032878532159
3359,-0.85823603268316
4413,0.7038685022034219
675,0.6485471702923258
1315,-0.36635887455745575
2011,-0.33173313729631637
4679,-0.2733828186355787
2566,0.32229974143360707
3174,-0.3480187069825931
583,-0.17436091267875398
35,0.5477674586129373
2226,0.30784182642727576
3502,0.4071087619807443
1293,0.16082350164234338
2261,0.2156656617219328
1599,-0.5906005079868946
493,0.19028168380919475
4551,0.3319286534013912
578,-0.12569483662695102
4575,0.1360113172690376
4483,-0.8165348431633541
3167,0.21757768768605246
1878,0.005192888048097366
4728,-0.28245129879152575
1216,0.7227226443191546
198,-0.19508419285948886
4057,-1.1235608167130255
3358,-0.7954064583531091
293,-1.1910730065817203
4624,0.6495879130483608
4933,0.2652006272765197
4372,0.6850344492677554
4029,0.13120448235276605
400,0.19394007253063084
4518,0.26063765778755066
4641,-0.8957709198481334
1555,0.04360451808073584
2774,-0.2546495548186316
4612,-0.024484625213385236
449,0.6491338027839078
1723,0.28328205236337034
56,0.3361478568686991
3320,0.42805448636269805
1582,-0.45141997925067656
4788,0.5264668907244072
629,-0.5894714919293538
22,-0.2347458422444264
2829,0.4387404562163164
3051,0.06960253815344508
1855,0.2205716835524072
199,-0.027040252907942985
3665,0.7510000946723085
354,-0.6281112338126214
2463,0.37750682862965235
384,0.7161512344456868
680,-0.5182147815415528
1371,-0.06564653801697418
2745,0.21362877438861627
1117,0.10348913339073462
4409,1.0222683508504007
4378,-0.4901234724499348
1161,0.15824652495965008
1769,-1.4911715647411015
296,0.2542229704869543
967,-0.09667090379792231
2469,0.08029374895095565
3951,0.15960035940171036
4462,-0.19820319552388277
403,-0.02689647420725727
2941,-0.3625957063577099
2626,-0.10163667721970793
3607,-0.446325157796009
3981,-1.3832760295923672
2159,0.4461349578149729
229,-0.3117086443856927
147,-0.3155573506022238
642,-0.7142457391169899
4249,-0.9465070423047441
2493,0.07137593757551386
2767,1.5135694863491018
99,0.2754964805904585
2370,-0.25740001275274427
1455,0.6563226005018468
1890,-0.32168415791239635
2902,0.21061313173998286
2407,0.5739164379476485
4748,-0.6302894462801678
221,0.10241381739956701
1280,-0.18776524974068476
3067,1.055582649861341
3480,0.6726618687142016
916,0.566062961345331
2471,0.5966098600264429
4705,0.6930866736192796
1882,0.2977140340727509
380,0.10637684008692627
2599,0.1146037296040383
2052,-0.0485203180810343
1018,0.1439175166558888
1787,0.34139376822554723
821,-0.7408414208918588
3850,-0.4057368682258655
413,-0.20720704610752883
3730,-1.1972242929433419
4257,-0.45530726689254397
906,0.271824066799371
3246,-0.26647814911648915
4222,-0.22350472668406507
4880,0.9527027296521418
3210,0.18825485417072407
3079,-0.06311578254151051
2587,0.7804834888020116
4712,-0.12026555550133988
4609,-0.5062212715804391
524,0.5998502574853175
349,0.13993377065868362
4694,0.5257371611174353
3120,-1.2871301246449658
4727,-0.8850796925575448
4051,0.12726258297878257
2265,-1.429929006765727
3464,-0.5951542851234963
1350,0.4329113042778694
4636,-0.01714314247199944
1329,-0.14182413715063547
4520,0.014899034928953725
1639,-0.5539501874329575
1281,-0.7960854259636854
521,0.6510762396305569
2563,-0.8231316943123952
4213,-0.39704528333397526
1145,0.02237921556790834
1767,0.03470966707305134
465,0.47410029948771193
1518,0.1726307435542891
300,0.12912353262206722
2255,-0.06862111061480025
1536,0.6582674191656182
3805,0.6108464250952803
853,0.0016903656514610788
4301,-0.3378549761370788
577,-0.17238345012204181
2327,-1.460543607120293
2629,0.16454543722405557
4125,0.2958238637521209
3854,-0.47652102167136157
288,-0.011488832137175109
120,-0.5991135009355775
2307,-0.03487093880345338
4031,0.5220297525573114
1809,0.17621631975668972
1504,-0.3694623478651069
3147,0.4279107886098332
4662,-0.6974637355640887
3145,-0.04754771548468639
1219,-0.19075072289547546
2448,0.11021829680681261
1737,-0.35439098502312216
3418,-0.762453883764195
3566,0.5711813135042219
1795,-0.33736197465390116
4072,0.5641537164148893
1727,0.3678437759270379
1499,0.14205434649366122
2808,0.41451138033419
2876,-0.04696688153250683
4733,0.47567086867447017
3926,0.5550106775617625
31,-0.7597372136640876
1395,0.12237713899529812
2729,-0.025366699622690447
3083,-1.0929772091824494
4972,-1.6416925645346847
4615,0.2540305893774297
2765,-0.25372961007953965
2609,-0.9892451410025789
4957,-0.055412708300279334
1969,-0.7371997937428993
2248,-0.4479927492863176
4921,0.05743481198311429
3921,-1.3574604668253514
3605,0.5952042640831738
4328,0.0050057712579079094
3766,-0.1864481242275371
4215,0.6588081853599048
2718,0.40209428458789453
1089,0.07201090629376505
1383,-0.16369437570117462
4943,0.05973076257279786
1352,0.047526862134299463
4037,-0.4616831480503363
4204,-0.10683011214779459
475,-0.06341064607309743
1785,-0.3716419254606347
3632,0.556644987232362
1252,-0.11415145049068443
2491,0.20231455639106688
2475,-0.19217832217471287
1104,0.5046730781264994
1580,0.14337815365508622
601,0.4381130551730399
3608,1.1493981457275506
1223,0.6867257233310271
3814,0.32727708339592176
2013,-0.5945272303405682
4053,0.12611149545222133
3377,0.7907587476686588
1296,0.9907518039538354
1275,0.47416857503098075
4455,0.45873169545790926
3916,0.5264400993841933
2286,-0.6312302186796837
1802,-0.19511254763185626
4742,-0.012104087453538526
2054,-0.29863137381921767
1656,-0.5888207016565872
880,1.1673285052596238
3982,0.5170489846128854
2568,0.26968693888950135
2903,-0.38053217726614985
896,-0.4996914891552162
2552,-0.2111871469744795
1768,0.5673423362599062
4714,-1.425706060359616
4600,1.2160107994573748
2747,-0.11899143727393824
4770,-0.1047613086219501
3484,0.18483673264748113
3491,-0.8482287148293226
3683,-0.346855962825396
3815,0.5135893931328646
3688,-0.17811222241827807
2195,0.580571954943709
3301,-0.0019232705316039045
3299,-0.10886956660910219
1568,-0.5597576285342303
485,-0.40736031878137613
3462,0.47640573555476795
3132,0.05796113476135378
849,-1.4030427868522652
3002,0.21809307303396874
2483,-0.2715099733088353
2424,0.7975684992874585
2396,-0.005466747904207203
3893,0.150937375735829
1326,-0.1672328499419269
609,-0.359029717723641
816,-0.10966764517517902
2665,0.11617453774497655
3105,0.023566947459991106
970,0.1322947955980016
4754,0.2821703550277901
2244,0.1465448387312982
1551,0.09677010560754873
3524,-0.005794981920110409
2088,0.5022013078092549
1087,-0.24062798567822163
1317,-0.6604231350249883
3759,0.044245630983944295
2760,-0.5380856154047482
3825,-0.13214648253818773
3485,0.6726220503061651
4004,0.4834013903794583
2933,0.3157375384360712
794,-0.005257097686837575
1033,-0.2667056366469298
1228,-0.437052024584645
4226,0.1934455428273676
934,0.0506847893949649
3498,0.5020810992853413
603,0.15468340111848455
3624,-0.5225777491151318
4701,-0.03507881782892763
2832,-0.20468674744955528
4937,-0.2535412648104183
1563,-0.08308834328132875
133,0.3474564380968612
189,0.4326527442751056
2505,-0.7599706087764124
699,-0.37404073543510297
1695,-0.02257083721437869
3248,-0.6972179485197891
4294,-0.8265709170245659
4530,-0.20115091760637593
1096,-0.18136787410420663
869,-0.108699488776141
4461,-0.16507639342551972
2118,-0.530889925601663
4220,0.2055824202850003
487,0.33803547744569595
2297,-0.23835907707456538
146,0.39377722904900114
4129,0.7580281558404369
3417,0.17216451453280435
3917,-0.1697238601049147
1688,1.2214504722274757
171,0.4246694628348999
4007,0.5184296086435349
250,0.9473095690088229
1272,0.7106223203765945
3933,-0.79181901743741
1107,0.27400253160771193
947,-0.9961415548868828
1436,0.6072491763550962
4445,-1.7201180658552229
2334,0.4672978991311334
1152,0.4253945666131571
4418,-0.13635687079342684
3910,-0.43723973673338357
2001,0.22918813596891674
2194,-0.4109375621943707
540,0.7513162812729464
3078,-0.08467632382188928
940,0.00041025002406946953
4524,-0.18102581528170258
3099,0.3434878313651142
2636,0.11201950098850588
1770,0.11615254168391953
1491,0.269872518360212
3021,0.43912232462622214
4097,-0.32705600178284566
4185,0.11527333178004628
4218,0.10446022596505689
1113,0.555678412621762
3238,-0.330574785980728
2249,-0.16873977739382617
103,0.41880775017306426
3571,-0.529275869051629
2798,-0.18911290559518257
127,0.05230285957738623
4287,0.30621310206089625
1380,-0.5785384104438815
160,0.05022063220832962
1936,-0.5424008484316243
4618,-0.02080012427783462
3943,0.2164222592110221
4395,-0.006436201504589789
4717,0.1375151715091656
604,0.16423247531125185
3370,0.4765621174659218
3838,0.34001450882410733
650,0.6673649463397009
4882,-0.4484654625666682
772,0.06572392033772001
1392,-0.01363342245791177
122,-0.7942737343917621
3190,-0.23450427319523381
4648,1.068898338791879
1295,0.6574594587722888
2218,0.8070435572709771
2755,-0.1804706344132221
631,0.6865537393579055
4168,0.02575428423319437
3952,0.36405514502605385
1095,0.8908271618758343
3758,-0.18318892244125795
4674,0.3705367084053144
4640,0.2894747520140708
3171,1.2326841061069658
1916,-0.2525794169070963
3172,0.029245079810721997
4546,0.34276656284107254
714,0.06668644390313894
995,-0.04045724479034263
294,-0.05243951097742361
3710,-0.40416584116643506
2428,-0.8012914212338833
3946,-0.34763821934180505
4621,-0.027450532607789846
951,0.3624830944471542
4558,0.036887138263277386
2814,-0.046886440167386745
4838,0.42269809784052814
2335,0.393024940096665
1003,0.4320264678074288
1948,0.3631264993638297
371,0.5894769397070432
3240,0.5753051887128642
2660,-0.4525105682850956
3701,0.748445974954504
1839,-0.04851631654039945
125,0.44460812944560324
2688,0.6551971448503364
3218,0.48902899311397885
542,-0.35947738347548785
2611,0.03043299282117129
4847,0.28478213305246936
1792,-0.26284562594851213
442,0.05545640391134565
4463,0.46529697185261565
3793,0.019891738052815633
3923,-0.1531954895748031
1729,0.537274972314119
3707,0.1041570690168312
866,0.3447772672178049
1321,0.15621503893043975
5,-0.7324455547604405
2352,0.3557775545468269
3775,-0.0330607075338083
2191,0.08781174064803388
4506,-0.37023604768078666
4344,-0.606558791036198
1452,-0.09841544911790923
2939,-0.7525183839027427
2401,0.6851418846568862
215,-0.22312610491108398
2506,-0.36176241708990275
1174,-0.10920938267196689
1894,0.12344351630547212
2022,0.5232217857666814
3109,0.6339960895892158
1060,-0.3431071935590442
3705,-0.0663699959994144
4758,0.5418215340842991
3885,0.6650843661477497
3702,0.736871405182125
4832,-0.1216306117176682
3861,-0.1998631095638741
285,-0.1549324559535501
525,0.2827734027212907
388,0.38690837870205375
3440,-0.3771317186748444
948,0.17782413942657715
1819,0.4746537326465079
1908,-0.07268201211400616
1448,0.2008751313091075
2378,-0.3715206833960636
707,0.2567740948154196
2977,-0.2259479755011693
3626,0.5492360019693239
820,-0.6034548069534713
2474,0.2153413745044075
3996,0.5991698456591914
4367,0.4342524282612974
788,0.8580236093094067
4988,0.29089449908872567
3522,-0.34354211456350914
290,0.024262084773083892
4792,0.4023595277467571
4297,0.2106346472431122
715,0.20066712002511888
3681,-0.3093690235687312
913,0.7533332818096214
3089,-0.021894615922947835
3362,-0.6459657231964862
4970,-0.1411377270754013
3243,0.2682423259120359
4771,-0.47338633424903875
3744,-0.16167761126480418
2122,0.9701152749714019
277,-0.08037628543299213
4479,0.8802965446029711
966,-0.07323573446514597
1237,-0.18686215770615888
1826,-0.3187824281221605
1910,-0.29041096446064163
1650,0.171474374592135
4778,0.7756869455740079
921,0.20965890351173133
2557,-0.1143085650246718
2657,0.1834271878725291
2152,-0.6242229396922383
2452,0.6596587618125591
4632,0.46535137282348504
620,1.118794602477152
1292,0.6421359479357314
3616,-0.22401774081817205
3322,0.3115154433010474
4534,0.13747281794999555
1479,-0.14003654362728568
1193,-0.15228102133490484
4217,0.14252432258787362
2833,-0.21452786580037042
3352,0.6575310646282455
3068,-0.4595149302301147
1553,0.026153685539251015
4300,0.7537636664767042
1234,-0.5878046986664369
4064,0.5866237667591987
4559,-0.4427740635800754
777,-0.25686703235459163
469,0.10685777703373756
2637,-0.4257487291478048
759,0.6967203950491303
1245,0.37643891374796645
1529,1.0328591734035575
2952,-0.06975783118829781
3473,-0.022196444053441233
4347,-0.46292093402078915
1012,-0.008000690354652562
1411,0.6311636158436658
4767,0.15544566438948504
666,0.7601898026189104
231,-0.2630760950032718
1698,0.0848714848090637
3421,0.28058437723832164
704,0.9662247116940961
2742,-0.05835243469357643
439,0.2084618463536536
3938,-0.490711025085929
1037,-1.207312703694197
3111,0.25712154357052963
1942,-0.12509338253445446
1495,0.7607984153903544
4589,-0.6401107081636557
813,-0.2887874737491183
3511,-1.0084229348001656
3135,0.5399892813207154
1546,-0.017137139167431314
3298,1.1807980949988943
3685,-0.18552929903220416
1519,0.2026943901317484
3789,-0.3241580161353319
3790,-0.5765103815764601
2965,0.3015764982566411
4556,0.00042584544052814977
3495,-0.3391240142669414
52,0.2999440354389833
2957,0.6343548536828347
3450,0.42706566519439004
2899,1.1307026911091933
1284,-0.4399866691691159
4026,-0.4285952497502832
2164,-0.549453722497022
1852,0.5531665280055584
2365,0.31104875072476634
2473,-0.9881815304661785
4812,0.9967803617039044
4652,-0.6052046601615562
3065,-0.3381027347629644
100,-0.20857683980006936
3441,0.5270756914209009
745,0.23602614972640357
4422,-0.9806998921163759
2141,0.48482862606162946
1691,-1.3277241731994902
4808,0.657777068197019
1213,0.36895450183421286
3433,0.5693475217843957
4842,-0.602211085437717
2430,1.3930288785695861
3025,-0.04557128692175727
3474,0.4017427789408261
2345,-0.19104377791396843
4041,0.2062442700370104
2830,-0.041380753955192695
1255,-0.055137077416815394
3074,-0.23976447837850756
3112,-0.11974991944692359
4823,-0.07759832237574926
3297,-1.7409823664993578
4513,-0.11057420073757296
848,0.8404680787920364
1460,-0.2922293599614232
4945,0.7665124141820376
4076,-0.035142024636070524
1671,-0.280231293427355
4074,-0.016643431887116478
1354,0.4994711744567901
3836,-0.08308121613275965
1807,0.7523247752361364
4264,0.2779695580664363
1017,0.44387497393833897
1168,-0.7579790249054454
4922,-0.3286122684536954
633,-0.3690318827131138
3875,-0.6789292437283905
1607,0.41145054906498224
2937,-0.45868172365369997
3808,-0.24319946054854213
4177,-0.4143551476184717
2516,-0.11083631963135687
3209,-0.6588512075033259
4870,-0.052412587205137307
640,0.2247300518032569
67,0.24195703795394508
534,0.33476556405677194
505,0.8999527450356277
605,-0.44155053765817165
1135,-0.7657725649662881
4134,0.1968982789414344
91,0.1716014580299694
3029,-0.39689628017997247
1387,-0.9134780295346312
3622,-0.15870260125740643
530,0.332872398179199
4667,0.25197020607931453
1483,-0.3192209176360361
803,1.2246893452740482
4157,0.18426224050350726
1641,0.11181502287602108
2254,0.5437160882486562
1306,0.5076821234647468
4357,0.7731819161100022
725,0.1267862280622305
2077,0.3884051651861027
3081,-0.2179647969266867
1179,0.12319333850249148
3136,-0.6479318619319967
1138,-0.5364605330657826
2823,0.5361838611804481
1535,0.07344220421817305
742,-0.31437409939099314
1401,-1.0101429409175307
4152,0.39209595611850023
4066,0.8523169100109307
4045,0.21071984368118812
3901,-0.12615835890971727
4582,-0.12435082835073974
4246,-0.13488659311247808
1955,-0.9535150928558735
3452,-0.3109250424559846
1450,-0.694192533609642
239,-0.45647730178305146
3937,0.3631878542600866
1015,0.7637361896166528
3229,0.615154134187601
3160,0.35082868562562375
4101,-0.41180092738289087
4332,-0.05972271653984773
3475,0.0541442394871563
4348,-0.10708621705705568
4986,0.026055923802730696
4135,0.5021093952526678
3551,0.85032090660681
2678,-0.8293043063156444
3977,0.024253969708882828
3257,0.7172173880557091
3892,-0.6891631481701843
3176,-1.4055311731087397
4866,-0.2617117052487785
4198,0.21118390846093948
592,0.4965293069383163
1417,-0.6357610309681627
610,-0.5032039586791566
2920,-0.058829308884611464
1463,-0.4119878624183517
3771,0.6447611240447175
2025,-0.5011761351268822
2646,-0.05095222921494358
3319,-0.06662689941816868
3398,-1.331330514923378
4798,-0.4005686923028602
1334,-0.3033371958174449
2560,-0.41792805924017085
480,0.10279000723803478
2980,-0.0363865779149366
3208,-0.22112895473173566
2397,0.4017527324282204
3582,0.3459036577893633
2203,0.27369992587003633
4050,-0.8903457369051733
1869,0.412502385752858
2441,-0.9252381134852845
3154,-0.9124046480181018
2916,-0.42157620402342033
1187,0.6568964850731547
4946,0.12602728411918385
16,-0.2648174060744175
3316,-0.09784911772035443
1956,0.035382147052162694
472,-0.07690158046925255
3010,-0.8755705095882726
1542,-0.05898067253789474
304,-0.17691703053358587
556,0.44224743614363415
3026,0.04132617202644262
3742,-0.5055719778227736
4056,-0.15455252399381347
902,-0.7050446909496841
922,0.14401450507477698
2867,-0.3326017172631506
3891,0.3094223104338134
2693,0.22678856440720807
4356,0.07398950108621971
3866,-0.6694472166663763
4780,0.005581183493217345
3365,-0.1253106993524824
3634,0.23172767524829396
1975,0.06144729937835436
1297,0.04145663571435332
2801,-0.22088989731227038
1780,-0.6783152928108551
131,0.7526532868859013
4444,-0.2552900273378871
2362,0.37690310339363453
4893,-0.8809634291956154
2930,-0.7653140937135472
4389,0.8801723756561817
4010,-0.3807276316878623
3330,0.4950870301596897
2604,-0.5364403939605484
3124,-0.43045777299319976
3611,-0.21506641325748266
4260,0.05636735433847573
533,-0.28339941415863734
1683,0.5106709470700785
158,-0.6732907924010805
408,0.43887140954935244
3905,-0.1980130214367808
461,0.21958113161383253
176,-0.1778426355710323
2449,-0.21650483602445547
7,0.23196687361793522
4731,0.6289859548492842
4579,-0.23418892416846937
4569,-0.07055496321143284
4655,0.22742697903876596
861,-0.4480749864969704
3627,-0.4495365525215931
1202,0.10055189496912575
3666,0.7027215191751033
4996,-0.2659907945279283
717,-1.2339075213498756
3738,-0.13994125297873605
845,-0.3704853559271495
660,-0.3198836090471593
2057,-0.2979587329458484
1264,0.02127446657788301
427,0.027404595267134013
1040,0.5844391106660121
2619,0.2555465152995229
3699,0.05920010053600677
4904,0.50193413376841
4774,-0.4187710074705464
115,-0.6154196895982391
1506,-0.3254024474823325
4104,-0.2786714470215532
2954,-0.7278512465384095
3291,0.6277017709348902
3806,-0.4388709625753462
1673,0.734404198556426
1533,0.1585386105933706
1365,-0.03935993587579123
1756,0.5139852682344666
2565,-0.0092757389444591
51,-0.6439386938145111
897,0.006802289133734263
812,-1.4869612659989775
3128,0.6499061781033202
4144,0.18955154749542658
360,-0.8073405735269121
585,-0.5409909941061253
2458,-0.1750247931286868
185,-1.4750696843861775
959,0.09905076958825365
1793,0.4196609690613977
186,-0.7067778656925139
591,0.05241299150918355
1183,-0.6532896701063873
783,-0.2251113062946848
4370,-0.18046899247985948
157,0.4102714670048577
3735,0.392673694895735
1725,-0.04309748055971063
4108,-0.31057410129667495
4388,0.010119225956497502
245,-0.7593249853610731
3054,0.33358568802796107
2242,0.10445734708532406
4363,0.1924020867350098
153,0.8437497930506055
558,-0.38029061256369534
4086,0.20711557205194175
1636,0.5843123554954008
4434,0.5923745038035415
4355,-0.06301618915411833
339,0.1696198805088942
4205,0.4557415777993601
4011,0.2707453671839719
3682,0.08308938324587345
262,0.42724307695840924
2290,0.15973765485469027
571,-0.6269196398431145
1302,0.025033643270550243
3902,-0.021292956624400006
1931,-0.28448957849179557
4384,1.0121532494073362
4519,0.6792516758016971
4540,0.15505737300435207
2501,-0.01060771738369315
2101,-0.341756420489876
1982,-0.5287981178254579
167,-0.7577058166633188
1965,-0.01748470825056625
4563,1.2328880674480462
3405,0.045428999952060956
280,0.24763763091335633
4454,0.5947138520400053
792,0.023505968074426953
975,0.0023835496503297193
457,0.2747591834963288
1200,-0.521165491947345
2855,-0.704717429350004
2895,-0.12761092865085732
1041,-0.3580853545822906
3311,0.13196086001018248
4950,0.40915413815835144
2174,0.329189768630453
3386,0.5588817087206719
4699,-0.2528588819955333
2145,-0.38969678354346904
1475,0.5600138634228928
1837,-0.31669616863905414
421,0.5429591216310028
3235,0.0370690270594114
645,0.3673282846981829
496,-0.5128922585327302
2200,0.0626472286409765
3653,0.14942066167743473
307,0.106220594364002
4283,0.9644911121801636
306,-0.9320459601393312
3527,-0.468071644748135
1626,0.17813265351841867
4730,-0.0311183299687805
2562,0.02595067036173404
977,0.0676737505484315
3292,0.8982036330721552
3650,1.0407961177135192
3853,0.12190105147939168
4981,-1.2431976625006946
4285,-0.22933128861187946
4927,0.11130843446222638
194,-0.18467202429217977
3669,-0.09529619314285576
1554,-0.4465374198328904
2559,-0.05431583067910761
983,-0.9403802024936816
138,0.08764429427334353
2067,-0.07147405413307695
4374,0.38574734099133945
886,-0.07415444175984476
2731,-0.1724477303070655
1716,-1.620054514191354
945,0.7197328632968354
4553,-0.08336578122850113
1883,0.6700591111991567
2789,-0.46657927130330545
1240,-0.005001476863635723
1689,-0.49026651562440726
3436,0.6756971687539393
2144,0.38679583245941895
1754,-0.49935048917716607
2251,-0.09885584778750722
1274,0.7124627131511447
3975,0.646346376196016
1427,0.32118180033513344
1840,-0.1490137494516759
4122,0.16756205157999116
3414,1.1640465236635977
145,-0.7151634377148834
3416,0.09790902126266143
4032,-0.5133503250348257
3395,-1.1264716047812486
2366,0.0835996764632716
722,0.22662748533652533
325,0.004896381561890095
476,-0.2083185967236414
392,-0.0016208818331291397
64,0.40580192221176414
4511,-0.09408221275892625
269,-1.0814344488488397
4514,0.38333024919873804
2300,0.9082831754853089
4040,-0.08713207122878419
3686,1.3221093581200174
1046,0.25242693010474326
3984,-0.5080337515871918
2687,-0.6698228443078804
2550,0.08378245227866277
3100,-0.6859138334470174
1643,0.3751453686782771
1444,0.3940564604864356
1907,0.2793282810256681
1347,-0.14926280049108076
3668,0.7347373718531838
607,0.5273027913679842
2796,0.1802245364096109
1550,0.4460115823572419
733,-1.222184264316545
4305,-0.5431470184073568
2727,-0.14631543112897205
86,0.5295136509379317
3589,0.22129194470141123
1002,0.4547117196571575
393,-0.6314894408414329
437,0.13900213676324746
4063,-0.5436543109876837
3784,-0.018870716983426128
4638,-0.32613179862070396
4061,0.1424037632821955
3617,-0.15546755769447085
4034,0.014532725622883547
569,-0.26425863495956925
1995,0.20075006597623357
3723,-0.8200652088356968
473,-0.19503998452773708
1105,-0.9988105641264005
50,0.03305922844274711
3774,0.24908590824386678
2821,0.05586029090186173
2284,0.11019228064964448
1125,1.1730107392977436
49,0.7332416942190223
2146,1.04582054817054
3862,0.5676786973616137
182,-0.8563339617506367
2809,0.20936561904636442
4729,0.5230894112736113
1649,0.2237601148212054
3884,-1.206466373672761
994,-0.3880477826197062
3314,0.4994250236507387
1273,-1.3379446579184178
4512,0.730890303337997
4475,0.4276629502345948
1414,-0.02673102498614366
2945,-0.48696857961377393
3085,-0.6916474133521033
295,-0.5285470692473764
2925,0.5622545748209031
3245,-0.4395275911260308
939,0.3348880533243017
54,-0.24208623815633779
1208,0.04175113305402611
3819,0.6310743143329764
1786,0.7935050591183002
4596,0.4339877240484098
532,-0.7988918833283565
4645,-0.13148621563843488
1357,0.5331956532725295
502,-0.9772939774736402
430,0.3409421251239859
2192,0.33887683185486406
223,-0.08191366244814535
4240,0.9294685738494692
528,0.17899668120152512
3733,-0.163285741519819
1998,0.17624173752055672
2107,-0.5848714851799981
4960,0.42324808078352216
3223,-0.0950439673669905
274,-0.3772198047563764
825,-0.1332190752705582
4423,-0.6274260240645742
2642,-0.31436000149112875
4928,-0.04185950204472988
1278,0.11416177325415244
1647,-0.1463964144839469
3963,-0.5410100098362998
3046,0.5126374596413701
3442,-0.14095782158826875
3308,-0.31495675280043933
2499,-0.06094665143801503
893,-0.3564684046534463
1967,0.17961851516305583
1896,0.12071815696396815
3410,0.3275395489837525
2631,0.14388712676727433
2063,0.1807850503827515
3809,-0.13153542201870394
3888,-0.535872342261662
1985,-0.34393723896637507
2091,-0.2561547130877768
3425,-1.2584735218100365
2299,-0.6291967775582261
4865,0.35859569957080417
2746,0.2276382124549272
2934,-0.04891259221864086
3956,0.4792945537561071
2799,-1.0621004015327626
4869,0.1496090406732451
3463,-0.03146764468914398
701,0.40662192882872183
4329,0.38484873750457727
1287,-0.09456056428337956
2795,0.3468897322651534
856,0.2493723427242207
3786,-0.21930303973016407
3782,0.08918053134105719
2116,0.10577317295282196
1820,0.09650930045204298
2523,0.22070872395402308
4617,-0.7898180852062193
2337,0.8054848699596038
4060,-0.6592741597730614
3828,0.845602102953384
2574,0.6510597812559711
1239,0.5574466103982445
3289,0.4151152737521109
1384,0.5856109527301836
4149,-0.2881812515725892
3008,0.21654077110244163
2317,-0.07202075036841737
3323,0.47656886411122557
3929,-0.41239153523244365
3606,-0.276402724961315
997,0.015365854208077678
1253,-0.4071027570003789
4974,0.40134899864083007
4547,0.18542474987808255
4349,-0.47093918570711857
4225,-0.24327110955673614
4248,-0.1720253007886683
2512,-0.4028452132198401
1285,-0.7751077484655715
1345,0.9351551077712603
4089,-0.027640741562455773
1458,-0.37394375439069893
865,-0.5148522931830062
2357,0.505130402646758
1030,-0.5715013578534425
3151,-0.4591844978658779
1007,-0.05982768014853512
1739,-0.27079455591069745
2597,-0.08980126047212611
1734,0.6003676516076437
926,0.22767788871253902
15,0.2801462980218883
4307,-1.2819668908968156
2615,0.21911641037646934
1917,-0.38533277926358256
3671,-1.018783592096372
4201,0.6000858280088934
4503,0.29059245286001456
1356,0.5846979983957166
4170,0.8118222129702435
4396,0.0878987217582905
1886,-0.0806528817501686
653,0.4022769940042501
4268,-0.12796138216903952
3310,-0.13129398190759023
213,-0.17913093865792096
1755,-0.4104324796188914
4710,0.5308902852936006
4308,-0.3920606988838067
3415,-0.13421395395267322
1872,-0.36383422971857904
4564,0.05299296337280701
2150,-0.2715076997705088
635,-0.1749442226755651
3647,-0.2182144627156024
2447,-0.09648535633766286
3994,0.18560508807129583
517,-1.1236371240371303
3295,-0.08864887345715111
2477,0.19629592550356278
898,-1.047077957038967
2526,-0.6806015136137118
560,0.9681726973461773
1587,0.3418984174925175
4762,0.40628206325028593
3453,-0.27689047154666824
1722,-0.8806968430568949
97,-0.44191734141559547
3989,-0.17112484095641634
4151,-0.3210679080718233
3816,0.717219348980267
43,0.11404469854795085
1881,-0.09209794494581658
1658,-0.3035081309934968
1572,0.7722915801890995
2066,-0.22144294569384737
3206,0.30811039029601694
1203,0.5807683298406445
700,-0.3162581422174071
4376,-0.2309711727624082
1034,0.037061482058254214
3270,-0.04571316078829568
1398,-0.03568295432748503
1478,-0.8678751302255794
2874,0.2876085756767557
3779,0.6610447274105518
2785,-0.10333999551407924
508,0.8286253357694857
161,-0.3725978154682803
3107,0.39070065130357623
1026,0.5028079961238454
432,-0.14503523422429687
2811,-0.3705249677124103
4078,-1.115630124777434
810,0.0665783718577142
1388,1.041976759772055
1811,0.14244731760571305
4707,1.0543402445113559
1719,0.5869854675815231
4807,0.09622356122216846
101,0.4779805465810867
3460,-0.11472539856942987
3157,0.3152850642048719
2031,0.23395023781886248
211,-0.16401423152228123
3802,-0.23387285905371158
3364,-0.5564638780855731
1899,-0.9239620830730706
4979,-0.04772852872244382
3972,0.5730042273632066
1459,-0.7672188290617585
943,-0.21439759956700133
4820,0.2929067358878843
2590,-0.11146759137415074
4925,0.02494236026682639
1920,0.18853622163840633
3118,0.22120301080737814
1876,0.0418011047898581
3727,0.25278147147751273
2354,-0.15083485986022183
1349,0.4218269232835574
3481,0.00556385194606257
3540,-0.13000175065730968
4657,0.28712129005309617
3263,0.0737803784658464
863,0.18856624377625586
2128,-0.13182276955496874
4112,0.9009907281819043
2225,0.25294779547371427
3985,0.1254422371607049
2602,0.13295889470489985
2432,-0.2355445934273055
1868,-0.37125204477285667
1531,0.33578407743619376
3530,-0.6973520091067016
471,0.21996170445702568
615,0.3448608506808757
2836,-0.5456015295342658
1724,0.051079458168363345
2989,0.25218656805270445
1267,0.24705700960248755
174,0.3780120996778189
4680,0.26651026526626787
3216,-0.5399462666606594
459,-0.9107513069415631
814,-0.25438177175984755
1156,0.22155642618582938
4864,-0.008374268763509107
2510,-0.24237424080553094
2513,-0.2908365612600514
1782,-1.049522746436387
3856,0.3889254028003446
1248,-0.3455695690811975
3455,-0.23948655984780487
4119,-0.8802238004815992
565,-0.31121878109364864
1502,0.020774246026536325
1442,0.03046135157298835
3979,-0.3924200652675047
2911,-0.43580784790738747
1055,0.20176964968606814
4018,0.3629721986861094
2656,0.08044930469319578
2036,-0.06366871072319036
1693,-0.11028625424823346
4289,-0.10615263648754425
1227,0.25364225884038394
2740,-0.7789082996510315
2381,0.16924667665695559
3053,-0.22985593000785443
1715,0.04096228971332394
3585,-0.151858884557865
3857,0.28661816168028054
1901,0.13770787702651788
2885,1.3105067966595385
673,0.3975249994948662
3811,0.7455091030608507
2385,-0.09805735714031538
3598,-0.05571059540406864
1720,0.1346944084416135
447,0.022337875897669335
3656,0.45039773278875206
1404,0.13243184523649987
4998,0.28077967077724786
84,-1.128972684436647
4671,-0.4147100012908691
4982,0.007944954093218826
3678,-0.030202149113589094
600,0.3234396780137416
2175,0.7576904694514175
3332,-0.6175789402932867
721,-0.08407853771886753
711,0.8214126523217091
2154,0.6208165291879579
2481,-0.914854555047004
178,-0.5652168393019288
4668,-1.561615453201596
4745,-0.7286384259035943
1340,0.9232860915022103
1977,0.7554571603084304
3422,0.3822369967544308
314,0.48995817869169045
887,0.6467626813931542
2495,0.004737153404226646
957,-0.5446003782773454
3281,0.025783742137699406
1283,0.020655995083550316
3388,-0.5285791010507843
3035,0.12935310632414776
1604,-0.06227710937389119
974,0.08737689786424152
1753,-0.3551841280117829
1601,0.41247960814701656
3991,-0.3331080775364974
2155,0.1084663710239484
4441,-0.09678936769045343
2842,-0.008338421601679968
404,0.8268221649075418
2986,-0.292274878091483
2987,-1.3177691332556023
4755,-0.05640166559278725
3375,-0.946353593888543
553,-0.5643484110888712
4753,0.933865856640578
550,0.6355744684024467
4082,0.44026278252485973
3159,-0.8520841319820383
1122,0.019388804377239666
2427,0.610663280166662
4306,0.10802651347545034
1319,0.219337193652148
1575,-0.7820437845273833
4947,-0.9629905089653166
2579,0.2930174787202251
429,0.17524127695642377
3222,0.709199355949913
2797,-0.13764438955177116
3865,-0.5523949569736004
4900,0.1056113113276762
2508,-0.24271438467496154
2060,0.11790852385214734
1432,0.5680777791264164
2535,-0.6840035201361028
568,-1.492335655362524
1945,-0.663168057145195
657,0.02537293260576945
3329,-0.1949962240829093
3389,0.20760576582901358
164,0.09538401947216268
4993,-0.3971146100683409
4439,-0.8313513941848054
4025,-1.2008306346672297
1585,0.3858621514811489
2259,0.22960000203760433
1888,0.23940324576348893
4669,-0.9733802490679659
3520,0.3866902244005379
1812,0.46184171797397067
4111,-0.9601001559273534
1099,0.6091350271356468
2541,0.1952828288455173
3189,0.44047423722623247
1989,-0.29360791866229086
332,0.2921594893912678
212,-1.1055774328892456
365,-1.377833432886888
2519,0.06595863335326246
2730,0.8733660507100485
1697,0.008091805262829155
1316,0.9829162933230666
4535,0.3479166782167642
4142,-1.6644773559200976
2802,0.22150822719876562
619,0.6011582313361972
3472,-0.034005351514698745
4977,0.03460891782329156
3992,1.1070298140500725
753,0.20855119254178067
136,-0.06221757811479023
440,0.2627682773381599
150,-0.6913072674437455
1856,0.0026440076925267064
1915,-0.5873427091737193
3040,0.2675533611990373
4085,0.27114757911051246
396,0.19519486091111204
1822,-0.26189555854170354
4867,-0.5882835032642681
1166,0.20781324274311697
4521,0.08738698054785488
2921,0.2531782712219979
4468,-0.13393339343045874
4565,-0.28974195485072674
2496,0.2497454339072087
2484,0.47663862345955277
2298,1.060702481403231
2023,0.8575709289130486
3954,-0.5049571215304214
2465,0.2981623005668341
4442,0.47026133106729784
4450,0.7579616643841733
2681,0.5052971341400809
3328,-0.6633897584989805
3689,0.9391705605177014
2388,-0.4034129703363254
1207,-0.09496086631463196
574,-0.07249731471300169
2482,0.3929744273094222
2711,0.1147572497473428
2359,0.84507798336191
2393,0.9131711464565706
4199,-1.0464090526025087
2130,0.03784000613775529
3356,0.3958945800974112
10,0.6001872765162988
2594,0.18252027889802758
911,-0.04379425212220234
687,0.6044393099084653
2422,0.21230152042980865
2292,-0.23100178355793854
3062,0.11970407101761182
2607,-0.4662398427704817
1774,0.29103108861358695
1731,-0.2431821124913638
3044,0.0072033290969715225
4231,0.25974242558828387
3877,0.28818349526910225
2530,-0.03676485403205021
1710,0.05874845432255338
1621,0.2884496534818295
2351,0.2190898306276443
3027,-0.040890828232748255
986,-0.6236196272450067
4024,-0.5852885838300228
4137,0.22352410494419672
2576,0.2714990966247752
2093,0.29353132272618687
1108,-0.4871143878829258
3673,-0.11782115729568243
761,0.7785771005086444
3743,0.19817395322335063
3039,-0.4595331764331423
625,-0.0027907562978057854
4293,0.21319149086808853
4971,-0.5805141585168192
4704,0.4192501938941424
4212,0.24495652705145776
1805,-0.048294975253532435
855,-0.22772400189283815
3153,0.06398604673905783
4014,-0.3852011006473939
490,0.5900709447380832
3900,0.5949322858237993
2503,-0.7442653920134088
3315,-0.5207434321256539
3086,0.03500766192191129
3691,-0.4862825247465743
4467,0.12811425380616104
2956,-0.8667807576983115
1299,-0.04879432682875873
1282,0.07800624794848421
3,0.2073210504472076
2384,0.5859874690407736
3915,0.13908738405421683
4841,-0.15108798330873707
2791,-0.06429847754462426
1530,-0.07025896735563553
4006,0.16144354275298767
3824,-0.10419692958425752
3503,0.45161697477463747
2558,-0.3412696262562571
246,-0.26097115108890545
2431,-0.6560717655410855
969,0.5407901088383875
3408,0.5933657784332782
3397,0.08581640380262456
2168,0.46330879432463057
2490,-0.6110700406566876
1182,-0.024573691076972715
30,0.06254226885080705
1257,-0.35459700482139134
279,-0.017714233025903248
664,0.13104010287626888
3276,-0.8127266939190463
1318,0.20148705313628046
723,-0.379218403183339
2863,0.146557941752417
